Country Name,Country Code,1960,1961,1962,1963,1964,1965,1966,1967,1968,1969,1970,1971,1972,1973,1974,1975,1976,1977,1978,1979,1980,1981,1982,1983,1984,1985,1986,1987,1988,1989,1990,1991,1992,1993,1994,1995,1996,1997,1998,1999,2000,2001,2002,2003,2004,2005,2006,2007,2008,2009,2010,2011,2012,2013,2014,2015,2016
Aruba,ABW,65.662,66.074,66.444,66.787,67.113,67.435,67.762,68.095,68.436,68.784,69.14,69.498,69.851,70.191,70.519,70.833,71.14,71.441,71.736,72.023,72.293,72.538,72.751,72.929,73.071,73.181,73.262,73.325,73.378,73.425,73.468,73.509,73.544,73.573,73.598,73.622,73.646,73.671,73.7,73.738,73.787,73.853,73.937,74.038,74.156,74.287,74.429,74.576,74.725,74.872,75.016,75.158,75.299,75.44,75.582,75.725,75.867
Afghanistan,AFG,32.292,32.742,33.185,33.624,34.06,34.495,34.928,35.361,35.796,36.234,36.678,37.128,37.587,38.056,38.54,39.039,39.556,40.092,40.65,41.234,41.853,42.513,43.217,43.963,44.747,45.566,46.417,47.288,48.164,49.028,49.856,50.627,51.331,51.968,52.539,53.055,53.533,53.997,54.468,54.959,55.482,56.044,56.637,57.25,57.875,58.5,59.11,59.694,60.243,60.754,61.226,61.666,62.086,62.494,62.895,63.288,63.673
Angola,AGO,33.251,33.573,33.914,34.272,34.645,35.031,35.426,35.828,36.234,36.64,37.047,37.46,37.878,38.297,38.712,39.11,39.478,39.81,40.099,40.344,40.546,40.71,40.848,40.97,41.085,41.193,41.292,41.382,41.471,41.572,41.696,41.855,42.06,42.329,42.677,43.125,43.695,44.385,45.192,46.105,47.113,48.2,49.341,50.508,51.676,52.833,53.974,55.096,56.189,57.231,58.192,59.042,59.77,60.373,60.858,61.241,61.547
Albania,ALB,62.279,63.298,64.187,64.911,65.461,65.848,66.108,66.302,66.485,66.687,66.933,67.235,67.58,67.951,68.341,68.734,69.108,69.447,69.741,69.99,70.207,70.416,70.635,70.876,71.134,71.388,71.605,71.76,71.843,71.86,71.836,71.803,71.802,71.86,71.992,72.205,72.495,72.838,73.208,73.588,73.955,74.286,74.575,74.82,75.028,75.217,75.418,75.656,75.943,76.281,76.652,77.031,77.389,77.702,77.963,78.174,78.345
Arab World,ARB,46.825,47.408,47.989,48.572,49.159,49.744,50.319,50.876,51.417,51.946,52.475,53.019,53.588,54.183,54.797,55.422,56.045,56.656,57.255,57.851,58.456,59.082,59.734,60.404,61.081,61.74,62.362,62.931,63.44,63.889,64.323,64.69,64.984,65.345,65.71,66.118,66.475,66.817,67.133,67.425,67.695,67.949,68.194,68.44,68.688,68.938,69.186,69.425,69.647,69.851,70.041,70.224,70.408,70.598,70.794,70.995,71.198
United Arab Emirates,ARE,52.265,53.312,54.349,55.375,56.385,57.374,58.33,59.248,60.12,60.945,61.721,62.451,63.143,63.802,64.433,65.037,65.617,66.171,66.701,67.209,67.696,68.163,68.611,69.04,69.452,69.845,70.219,70.575,70.913,71.234,71.541,71.837,72.122,72.401,72.674,72.943,73.21,73.473,73.732,73.987,74.239,74.487,74.73,74.968,75.2,75.422,75.632,75.828,76.012,76.183,76.344,76.498,76.648,76.798,76.948,77.101,77.256
Argentina,ARG,65.022,65.141,65.233,65.311,65.388,65.481,65.603,65.76,65.953,66.184,66.449,66.74,67.044,67.349,67.652,67.95,68.248,68.549,68.856,69.164,69.464,69.746,70.003,70.234,70.438,70.623,70.797,70.971,71.155,71.352,71.565,71.79,72.023,72.256,72.489,72.719,72.947,73.173,73.397,73.618,73.832,74.039,74.236,74.424,74.603,74.775,74.941,75.105,75.268,75.431,75.595,75.761,75.926,76.089,76.252,76.415,76.577
Armenia,ARM,65.971,66.402,66.837,67.276,67.715,68.152,68.587,69.015,69.425,69.808,70.143,70.411,70.604,70.723,70.774,70.783,70.783,70.798,70.838,70.897,70.938,70.91,70.776,70.519,70.15,69.698,69.205,68.732,68.332,68.038,67.879,67.87,67.99,68.218,68.538,68.938,69.404,69.912,70.434,70.944,71.409,71.8,72.112,72.347,72.512,72.625,72.715,72.815,72.946,73.119,73.331,73.571,73.814,74.044,74.255,74.445,74.618
Antigua and Barbuda,ATG,62.115,62.555,62.979,63.385,63.774,64.148,64.51,64.864,65.212,65.557,65.897,66.232,66.558,66.875,67.181,67.479,67.768,68.051,68.328,68.602,68.873,69.141,69.408,69.671,69.931,70.187,70.435,70.675,70.907,71.132,71.351,71.567,71.783,71.999,72.218,72.44,72.663,72.887,73.108,73.327,73.541,73.752,73.957,74.158,74.354,74.544,74.727,74.905,75.078,75.247,75.412,75.574,75.733,75.892,76.05,76.207,76.364
Australia,AUS,70.817,70.973,70.942,70.912,70.881,70.85,70.82,70.869,70.919,70.969,71.019,71.068,71.458,71.847,72.236,72.625,73.015,73.344,73.674,74.004,74.334,74.663,74.905,75.146,75.388,75.629,75.871,76.152,76.433,76.714,76.995,77.276,77.378,77.878,77.878,77.829,78.078,78.48,78.632,78.932,79.234,79.634,79.937,80.239,80.49,80.841,81.041,81.293,81.395,81.544,81.695,81.895,82.046,82.149,82.3,82.4,82.5
Austria,AUT,68.586,69.577,69.31,69.444,69.922,69.722,70.046,69.918,70.058,69.833,69.915,70.115,70.463,71.015,71.012,71.115,71.566,71.915,72.012,72.312,72.463,72.812,72.961,73.012,73.612,73.815,74.317,74.768,75.217,75.266,75.568,75.617,75.817,76.068,76.42,76.668,76.871,77.32,77.671,77.876,78.127,78.576,78.678,78.632,79.18,79.332,79.88,80.18,80.432,80.332,80.58,80.983,80.937,81.137,81.49,81.19,80.89
Azerbaijan,AZE,61.035,61.257,61.47,61.679,61.89,62.104,62.322,62.539,62.751,62.953,63.141,63.31,63.457,63.583,63.688,63.776,63.852,63.922,63.992,64.069,64.161,64.28,64.424,64.587,64.759,64.913,65.016,65.053,65.021,64.935,64.827,64.745,64.731,64.81,64.991,65.256,65.573,65.899,66.207,66.491,66.763,67.054,67.391,67.791,68.249,68.75,69.269,69.774,70.238,70.646,70.987,71.26,71.478,71.656,71.8,71.921,72.026
Burundi,BDI,41.281,41.592,41.907,42.225,42.54,42.838,43.103,43.328,43.515,43.675,43.829,44.006,44.232,44.517,44.865,45.266,45.701,46.141,46.562,46.953,47.314,47.657,47.992,48.317,48.618,48.845,48.941,48.884,48.684,48.379,48.053,47.816,47.752,47.911,48.295,48.86,49.526,50.186,50.758,51.213,51.545,51.779,51.977,52.19,52.437,52.735,53.09,53.492,53.926,54.386,54.861,55.338,55.807,56.259,56.688,57.094,57.481
Belgium,BEL,69.702,70.521,70.22,70.051,70.755,70.625,70.706,71.013,70.693,70.765,70.972,71.06,71.405,71.635,71.986,71.971,72.12,72.774,72.698,73.194,73.207,73.622,73.888,73.869,74.405,74.52,74.732,75.366,75.566,75.633,76.052,76.192,76.351,76.345,76.692,76.841,77.187,77.371,77.473,77.62,77.722,77.973,78.076,78.129,78.878,78.98,79.38,79.783,79.68,80.034,80.183,80.585,80.385,80.588,81.288,80.993,80.993
Benin,BEN,37.271,37.727,38.188,38.655,39.13,39.615,40.109,40.61,41.117,41.63,42.152,42.684,43.229,43.781,44.337,44.882,45.399,45.883,46.335,46.764,47.19,47.643,48.145,48.71,49.339,50.034,50.79,51.581,52.372,53.132,53.812,54.366,54.776,55.042,55.174,55.203,55.17,55.133,55.139,55.218,55.391,55.668,56.025,56.436,56.887,57.355,57.817,58.255,58.654,59.009,59.319,59.595,59.855,60.113,60.373,60.639,60.907
Burkina Faso,BFA,34.432,34.897,35.369,35.847,36.331,36.815,37.291,37.754,38.207,38.652,39.095,39.542,40.003,40.493,41.025,41.63,42.343,43.166,44.081,45.06,46.049,46.984,47.81,48.486,48.992,49.323,49.492,49.55,49.545,49.505,49.454,49.409,49.374,49.36,49.38,49.445,49.557,49.713,49.914,50.168,50.489,50.893,51.384,51.956,52.602,53.31,54.063,54.841,55.618,56.376,57.096,57.762,58.377,58.942,59.457,59.927,60.361
Bangladesh,BGD,45.831,46.46,47.086,47.694,48.257,48.69,48.895,48.838,48.535,48.05,47.523,47.136,47.031,47.291,47.925,48.865,49.981,51.098,52.082,52.878,53.478,53.917,54.292,54.678,55.102,55.578,56.102,56.654,57.22,57.8,58.401,59.033,59.7,60.4,61.127,61.868,62.61,63.338,64.038,64.702,65.324,65.903,66.448,66.965,67.46,67.937,68.403,68.861,69.312,69.759,70.198,70.626,71.039,71.431,71.803,72.155,72.489
Bulgaria,BGR,69.248,70.196,69.492,70.309,71.121,71.294,71.223,70.414,71.225,70.43,71.256,70.874,70.9,71.342,71.208,71.05,71.395,70.816,71.185,71.308,71.158,71.572,71.186,71.386,71.5,71.228,71.731,71.527,71.604,71.722,71.641,71.561,71.494,71.347,71.209,71.053,70.897,70.351,71.061,71.412,71.663,71.768,71.866,72.066,72.563,72.561,72.612,72.663,72.963,73.412,73.512,74.163,74.315,74.861,74.466,74.615,74.615
Bahrain,BHR,51.868,53.234,54.589,55.91,57.181,58.387,59.523,60.595,61.608,62.559,63.448,64.274,65.042,65.757,66.421,67.04,67.616,68.152,68.651,69.117,69.55,69.95,70.316,70.65,70.956,71.237,71.495,71.735,71.962,72.179,72.39,72.598,72.803,73.006,73.209,73.413,73.619,73.826,74.033,74.239,74.44,74.635,74.822,74.999,75.167,75.326,75.478,75.625,75.77,75.913,76.056,76.199,76.341,76.482,76.622,76.761,76.9
"Bahamas, The",BHS,62.881,63.22,63.551,63.873,64.189,64.498,64.8,65.095,65.383,65.665,65.943,66.218,66.49,66.759,67.027,67.291,67.55,67.803,68.05,68.29,68.524,68.755,68.984,69.212,69.438,69.663,69.886,70.104,70.316,70.518,70.705,70.869,71.01,71.131,71.239,71.351,71.482,71.646,71.85,72.093,72.37,72.668,72.971,73.264,73.538,73.787,74.012,74.218,74.41,74.591,74.761,74.923,75.079,75.23,75.379,75.527,75.675
Belarus,BLR,67.708,68.213,68.636,68.992,69.29,69.537,69.735,69.882,69.983,70.045,70.079,70.093,70.092,70.082,70.068,70.048,70.016,69.967,69.906,69.842,69.802,69.819,69.908,70.065,70.272,70.993,71.55,70.99,71.341,71.483,70.837,70.378,70.022,68.971,68.768,68.461,68.512,68.461,68.407,67.907,68.912,68.507,68.056,68.554,68.956,68.851,69.405,70.207,70.456,70.407,70.405,70.554,71.966,72.471,72.971,73.624,73.827
Belize,BLZ,59.981,60.531,61.092,61.663,62.241,62.823,63.402,63.971,64.525,65.058,65.566,66.047,66.504,66.939,67.354,67.751,68.135,68.509,68.874,69.229,69.577,69.921,70.257,70.575,70.865,71.11,71.294,71.405,71.437,71.386,71.246,71.011,70.696,70.325,69.922,69.517,69.143,68.82,68.568,68.4,68.329,68.356,68.46,68.619,68.815,69.023,69.218,69.385,69.517,69.611,69.676,69.731,69.798,69.895,70.027,70.192,70.384
Bolivia,BOL,42.138,42.454,42.778,43.11,43.451,43.8,44.157,44.523,44.898,45.28,45.671,46.07,46.477,46.892,47.315,47.745,48.183,48.629,49.082,49.543,50.012,50.489,50.974,51.466,51.965,52.472,52.986,53.507,54.034,54.566,55.104,55.647,56.195,56.747,57.303,57.862,58.423,58.987,59.554,60.122,60.69,61.26,61.829,62.399,62.968,63.538,64.113,64.692,65.272,65.847,66.408,66.945,67.451,67.922,68.357,68.756,69.125
Brazil,BRA,54.241,54.754,55.27,55.785,56.293,56.794,57.289,57.776,58.254,58.717,59.154,59.557,59.919,60.241,60.527,60.782,61.017,61.244,61.476,61.721,61.983,62.264,62.559,62.866,63.185,63.514,63.852,64.197,64.552,64.917,65.3,65.708,66.144,66.607,67.095,67.6,68.112,68.622,69.12,69.599,70.055,70.486,70.896,71.29,71.67,72.04,72.405,72.768,73.129,73.488,73.838,74.174,74.488,74.777,75.042,75.284,75.509
Barbados,BRB,61.002,61.481,61.964,62.451,62.94,63.426,63.9,64.355,64.786,65.191,65.569,65.922,66.257,66.58,66.894,67.203,67.51,67.816,68.12,68.424,68.726,69.024,69.317,69.602,69.878,70.145,70.405,70.658,70.905,71.147,71.383,71.614,71.841,72.061,72.275,72.481,72.678,72.865,73.043,73.213,73.377,73.535,73.691,73.847,74.004,74.163,74.324,74.486,74.648,74.811,74.973,75.133,75.292,75.448,75.603,75.755,75.906
Brunei Darussalam,BRN,62.467,63.017,63.544,64.044,64.515,64.957,65.375,65.776,66.167,66.55,66.928,67.3,67.665,68.021,68.369,68.706,69.032,69.347,69.651,69.945,70.23,70.509,70.784,71.056,71.326,71.595,71.864,72.132,72.397,72.659,72.916,73.167,73.413,73.651,73.883,74.11,74.332,74.551,74.769,74.985,75.202,75.425,75.65,75.875,76.093,76.291,76.455,76.577,76.656,76.699,76.719,76.734,76.764,76.823,76.917,77.046,77.203
Bhutan,BTN,34.526,34.889,35.29,35.734,36.22,36.745,37.303,37.882,38.469,39.057,39.635,40.194,40.735,41.263,41.784,42.311,42.861,43.447,44.077,44.751,45.464,46.204,46.954,47.702,48.442,49.173,49.901,50.632,51.372,52.122,52.879,53.637,54.393,55.146,55.898,56.657,57.432,58.231,59.055,59.899,60.758,61.625,62.484,63.322,64.126,64.882,65.578,66.214,66.792,67.315,67.79,68.227,68.639,69.038,69.43,69.817,70.197
Botswana,BWA,50.661,51.028,51.381,51.726,52.068,52.418,52.787,53.184,53.617,54.09,54.609,55.176,55.782,56.415,57.065,57.721,58.375,59.016,59.63,60.204,60.733,61.215,61.65,62.029,62.334,62.556,62.688,62.716,62.62,62.372,61.905,61.146,60.083,58.748,57.203,55.53,53.826,52.211,50.808,49.712,49.03,48.838,49.108,49.788,50.832,52.165,53.695,55.312,56.919,58.45,59.868,61.179,62.425,63.63,64.78,65.846,66.797
Central African Republic,CAF,36.489,36.902,37.326,37.768,38.233,38.734,39.281,39.877,40.522,41.212,41.946,42.72,43.521,44.33,45.129,45.9,46.628,47.302,47.911,48.442,48.886,49.24,49.507,49.694,49.799,49.823,49.761,49.619,49.402,49.118,48.767,48.35,47.873,47.352,46.807,46.252,45.7,45.166,44.675,44.254,43.937,43.755,43.718,43.827,44.08,44.466,44.967,45.552,46.19,46.862,47.56,48.284,49.041,49.825,50.621,51.41,52.171
Canada,CAN,71.133,71.346,71.367,71.381,71.776,71.872,72.004,72.208,72.353,72.501,72.7,73.029,72.934,73.163,73.238,73.522,73.856,74.216,74.53,74.866,75.078,75.479,75.68,76.036,76.318,76.303,76.44,76.74,76.809,77.066,77.377,77.553,77.321,77.685,77.862,77.978,78.23,78.48,78.662,78.883,79.237,79.488,79.59,79.839,80.141,80.293,80.293,80.544,80.695,80.946,81.198,81.449,81.584,81.772,81.953,82.129,82.301
Central Europe and the Baltics,CEB,67.821,68.262,68.007,68.696,69.052,69.277,69.527,69.273,69.536,69.276,69.447,69.485,69.925,70.068,70.306,70.174,70.319,70.242,70.148,70.239,69.89,70.371,70.455,70.39,70.349,70.313,70.565,70.612,70.862,70.732,70.656,70.573,70.732,70.846,70.87,71.026,71.335,71.518,71.898,72.185,72.72,73.098,73.244,73.384,73.739,73.84,74.095,74.252,74.578,74.932,75.295,75.888,75.993,76.355,76.685,76.591,76.603
Switzerland,CHE,71.313,71.645,71.196,71.188,72.078,72.202,72.336,72.637,72.59,72.613,73.02,73.131,73.644,73.941,74.287,74.666,74.785,75.238,75.187,75.466,75.459,75.693,76.034,76.031,76.609,76.734,76.899,77.198,77.227,77.421,77.242,77.515,77.806,78.085,78.35,78.417,78.896,79.08,79.324,79.58,79.68,80.18,80.385,80.537,81.088,81.237,81.49,81.741,81.993,82.044,82.246,82.695,82.698,82.798,83.198,82.898,82.898
Chile,CHL,57.285,57.682,58.097,58.533,58.993,59.479,59.994,60.536,61.104,61.696,62.311,62.95,63.609,64.283,64.967,65.658,66.355,67.052,67.744,68.422,69.074,69.69,70.265,70.798,71.288,71.739,72.157,72.553,72.936,73.311,73.68,74.042,74.394,74.733,75.059,75.374,75.678,75.974,76.259,76.533,76.793,77.034,77.255,77.453,77.632,77.791,77.934,78.066,78.193,78.32,78.454,78.599,78.758,78.931,79.117,79.315,79.522
China,CHN,43.725,44.051,44.783,45.972,47.592,49.549,51.696,53.847,55.843,57.603,59.085,60.303,61.344,62.281,63.134,63.915,64.631,65.278,65.857,66.377,66.843,67.256,67.618,67.933,68.21,68.451,68.661,68.842,69.002,69.15,69.293,69.437,69.587,69.75,69.935,70.156,70.427,70.747,71.115,71.521,71.955,72.401,72.84,73.257,73.642,73.987,74.291,74.562,74.808,75.032,75.236,75.425,75.602,75.769,75.932,76.092,76.252
Cote d'Ivoire,CIV,36.865,37.554,38.223,38.866,39.488,40.103,40.736,41.406,42.125,42.89,43.695,44.526,45.357,46.166,46.94,47.668,48.346,48.979,49.57,50.115,50.616,51.079,51.503,51.885,52.215,52.484,52.677,52.786,52.798,52.706,52.486,52.117,51.605,50.975,50.259,49.501,48.746,48.043,47.438,46.969,46.672,46.567,46.637,46.856,47.205,47.658,48.183,48.747,49.321,49.883,50.423,50.945,51.463,51.989,52.52,53.053,53.582
Cameroon,CMR,41.546,41.988,42.429,42.868,43.304,43.741,44.184,44.64,45.111,45.598,46.104,46.627,47.163,47.705,48.247,48.784,49.311,49.825,50.318,50.781,51.211,51.604,51.958,52.266,52.518,52.698,52.787,52.781,52.68,52.49,52.209,51.835,51.39,50.91,50.433,50.015,49.708,49.543,49.538,49.7,50.026,50.495,51.059,51.671,52.301,52.916,53.494,54.033,54.535,54.996,55.424,55.832,56.241,56.665,57.111,57.582,58.073
"Congo, Dem. Rep.",COD,41.098,41.312,41.529,41.755,41.995,42.257,42.549,42.868,43.208,43.563,43.915,44.247,44.545,44.804,45.026,45.222,45.41,45.609,45.833,46.086,46.363,46.651,46.937,47.208,47.461,47.705,47.955,48.221,48.502,48.787,49.043,49.225,49.311,49.302,49.22,49.111,49.04,49.066,49.233,49.557,50.041,50.667,51.385,52.144,52.917,53.675,54.401,55.091,55.743,56.35,56.907,57.418,57.894,58.347,58.782,59.205,59.621
"Congo, Rep.",COG,48.602,49.25,49.863,50.437,50.97,51.46,51.907,52.317,52.696,53.049,53.38,53.691,53.987,54.27,54.544,54.815,55.087,55.361,55.632,55.895,56.143,56.372,56.571,56.729,56.835,56.877,56.844,56.736,56.553,56.295,55.954,55.521,55.008,54.438,53.842,53.247,52.677,52.164,51.748,51.473,51.397,51.577,52.017,52.703,53.608,54.687,55.881,57.115,58.321,59.452,60.473,61.37,62.169,62.89,63.536,64.112,64.625
Colombia,COL,56.752,57.283,57.775,58.238,58.678,59.1,59.5,59.877,60.233,60.574,60.91,61.248,61.598,61.966,62.36,62.791,63.271,63.796,64.354,64.932,65.506,66.049,66.541,66.965,67.315,67.588,67.789,67.938,68.06,68.171,68.292,68.443,68.63,68.857,69.125,69.428,69.756,70.09,70.416,70.727,71.019,71.293,71.556,71.813,72.062,72.303,72.532,72.749,72.952,73.143,73.325,73.5,73.673,73.847,74.022,74.2,74.381
Comoros,COM,41.447,41.846,42.245,42.644,43.043,43.446,43.858,44.283,44.724,45.179,45.642,46.103,46.557,47.001,47.441,47.887,48.356,48.86,49.406,49.992,50.615,51.265,51.925,52.58,53.221,53.843,54.446,55.033,55.605,56.154,56.677,57.168,57.623,58.038,58.407,58.722,58.972,59.16,59.294,59.388,59.46,59.529,59.617,59.738,59.904,60.126,60.407,60.734,61.094,61.475,61.862,62.24,62.596,62.923,63.216,63.473,63.701
Cabo Verde,CPV,48.928,49.123,49.4,49.771,50.235,50.772,51.349,51.934,52.511,53.078,53.669,54.331,55.096,55.973,56.94,57.95,58.937,59.837,60.606,61.228,61.708,62.073,62.376,62.664,62.958,63.268,63.592,63.918,64.238,64.556,64.877,65.204,65.543,65.902,66.288,66.72,67.221,67.793,68.421,69.086,69.747,70.358,70.882,71.293,71.584,71.76,71.842,71.869,71.881,71.899,71.941,72.019,72.127,72.259,72.418,72.599,72.798
Costa Rica,CRI,60.556,61.269,61.964,62.63,63.259,63.848,64.399,64.924,65.434,65.937,66.439,66.946,67.46,67.983,68.519,69.072,69.648,70.242,70.846,71.452,72.045,72.61,73.135,73.612,74.035,74.401,74.714,74.984,75.223,75.438,75.638,75.83,76.016,76.2,76.385,76.571,76.759,76.942,77.119,77.288,77.448,77.597,77.736,77.868,77.993,78.114,78.234,78.355,78.481,78.613,78.756,78.911,79.077,79.254,79.44,79.634,79.831
Caribbean small states,CSS,62.371,62.869,63.327,63.742,64.113,64.442,64.734,65.0,65.25,65.492,65.736,65.987,66.246,66.512,66.785,67.061,67.339,67.613,67.878,68.131,68.367,68.581,68.771,68.937,69.076,69.19,69.284,69.372,69.435,69.502,69.563,69.62,69.707,69.713,69.756,69.804,69.858,69.989,69.999,70.091,70.204,70.341,70.573,70.687,70.892,71.113,71.345,71.582,71.817,72.042,72.252,72.445,72.619,72.779,72.926,73.063,73.192
Cuba,CUB,63.834,64.445,65.066,65.696,66.328,66.958,67.575,68.174,68.748,69.293,69.812,70.31,70.791,71.259,71.712,72.144,72.55,72.923,73.258,73.552,73.803,74.013,74.184,74.323,74.435,74.519,74.574,74.602,74.614,74.622,74.644,74.702,74.807,74.963,75.169,75.415,75.683,75.95,76.203,76.437,76.658,76.88,77.119,77.381,77.663,77.95,78.225,78.469,78.672,78.833,78.959,79.064,79.167,79.282,79.415,79.57,79.742
Cyprus,CYP,69.618,69.949,70.272,70.587,70.895,71.197,71.491,71.776,72.052,72.318,72.576,72.825,73.067,73.301,73.53,73.753,73.971,74.183,74.39,74.592,74.79,74.984,75.174,75.359,75.541,75.718,75.892,76.063,76.23,76.393,76.554,76.711,76.865,77.017,77.166,77.312,77.456,77.598,77.738,77.876,78.01,78.14,78.264,78.386,78.506,78.631,78.764,78.911,79.071,79.245,79.43,79.62,79.81,79.995,80.173,80.344,80.508
Czech Republic,CZE,70.349,70.513,69.787,70.304,70.46,70.163,70.385,70.264,69.841,69.367,69.44,69.677,70.177,70.023,70.087,70.415,70.533,70.573,70.644,70.75,70.278,70.722,70.808,70.591,70.838,71.046,70.997,71.446,71.641,71.676,71.384,71.898,72.272,72.768,72.973,73.075,73.715,73.825,74.515,74.668,74.968,75.173,75.222,75.171,75.722,75.924,76.524,76.724,76.976,77.078,77.424,77.873,78.076,78.176,78.824,78.578,78.332
Germany,DEU,69.31,69.508,69.692,69.86,70.014,70.152,70.271,70.374,70.465,70.551,70.64,70.743,70.867,71.017,71.195,71.402,71.634,71.884,72.143,72.409,72.678,72.95,73.227,73.505,73.783,74.055,74.314,74.56,74.792,75.013,75.228,75.32,75.82,75.871,76.271,76.422,76.673,77.073,77.476,77.727,77.927,78.329,78.229,78.38,78.68,78.932,79.132,79.534,79.737,79.837,79.988,80.437,80.539,80.49,81.09,80.641,80.641
Djibouti,DJI,44.038,44.469,44.892,45.309,45.727,46.166,46.654,47.203,47.814,48.476,49.16,49.827,50.442,50.982,51.442,51.832,52.177,52.513,52.865,53.241,53.639,54.049,54.451,54.828,55.174,55.488,55.772,56.032,56.271,56.488,56.678,56.831,56.943,57.017,57.056,57.065,57.05,57.022,56.998,56.992,57.021,57.1,57.233,57.424,57.677,57.999,58.393,58.848,59.345,59.865,60.383,60.87,61.31,61.691,62.006,62.26,62.465
Denmark,DNK,72.177,72.438,72.32,72.4,72.485,72.371,72.444,72.922,73.121,73.221,73.343,73.415,73.439,73.682,73.808,74.075,73.74,74.632,74.393,74.219,74.102,74.23,74.551,74.42,74.562,74.428,74.58,74.691,74.772,74.8,74.805,75.158,75.194,75.117,75.375,75.213,75.591,75.945,76.139,76.341,76.593,76.793,76.895,77.144,77.493,77.844,78.095,78.195,78.446,78.598,79.1,79.8,80.051,80.3,80.7,80.702,80.705
Dominican Republic,DOM,51.787,52.519,53.237,53.943,54.634,55.312,55.975,56.625,57.259,57.875,58.468,59.033,59.569,60.073,60.549,60.997,61.417,61.817,62.205,62.588,62.977,63.38,63.803,64.247,64.714,65.207,65.728,66.267,66.812,67.352,67.866,68.335,68.749,69.103,69.397,69.637,69.837,70.017,70.193,70.374,70.568,70.775,70.99,71.207,71.425,71.644,71.862,72.078,72.29,72.498,72.702,72.901,73.098,73.292,73.483,73.673,73.861
Algeria,DZA,46.138,46.596,47.054,47.507,47.956,48.392,48.809,49.208,49.595,49.98,50.369,50.77,51.198,51.673,52.215,52.863,53.658,54.606,55.696,56.906,58.196,59.521,60.823,62.047,63.156,64.113,64.896,65.525,66.025,66.416,66.725,66.983,67.226,67.482,67.774,68.115,68.504,68.926,69.367,69.822,70.292,70.778,71.276,71.78,72.281,72.767,73.225,73.648,74.032,74.374,74.676,74.944,75.187,75.418,75.641,75.86,76.078
East Asia & Pacific (excluding high income),EAP,45.725,46.173,46.894,47.925,49.273,50.86,52.572,54.272,55.841,57.221,58.389,59.361,60.206,60.984,61.713,62.404,63.064,63.683,64.255,64.781,65.258,65.687,66.075,66.424,66.741,67.028,67.288,67.523,67.735,67.931,68.115,68.291,68.463,68.638,68.825,69.035,69.28,69.562,69.88,70.226,70.594,70.972,71.343,71.697,72.026,72.325,72.595,72.841,73.07,73.284,73.482,73.669,73.846,74.013,74.176,74.335,74.493
Early-demographic dividend,EAR,45.211,45.88,46.489,47.037,47.64,48.235,48.872,49.437,49.983,50.514,51.037,51.559,52.084,52.623,53.17,53.722,54.274,54.814,55.335,55.83,56.298,56.742,57.171,57.596,58.022,58.451,58.882,59.313,59.74,60.17,60.604,61.032,61.46,61.888,62.307,62.713,63.102,63.47,63.822,64.16,64.486,64.806,65.125,65.448,65.78,66.123,66.48,66.845,67.217,67.59,67.956,68.308,68.643,68.958,69.249,69.517,69.766
East Asia & Pacific,EAS,48.455,48.988,49.662,50.641,51.843,53.216,54.752,56.243,57.618,58.857,59.909,60.828,61.622,62.319,63.02,63.691,64.301,64.884,65.407,65.898,66.31,66.724,67.113,67.428,67.755,68.041,68.312,68.558,68.745,68.954,69.13,69.316,69.475,69.651,69.85,70.028,70.304,70.585,70.882,71.202,71.579,71.952,72.303,72.641,72.963,73.234,73.516,73.761,73.981,74.207,74.384,74.546,74.741,74.919,75.086,75.249,75.396
Europe & Central Asia (excluding high income),ECA,63.414,63.932,64.326,64.69,64.988,65.214,65.384,65.505,65.649,65.737,65.981,66.185,66.23,66.34,66.445,66.276,66.263,66.273,66.335,66.276,66.396,66.61,66.941,67.056,67.05,67.463,68.218,68.387,68.459,68.417,68.298,68.054,67.41,66.566,66.327,66.382,66.872,67.474,67.803,67.665,67.722,67.907,67.931,68.06,68.391,68.523,69.144,69.646,69.938,70.533,70.837,71.399,71.723,72.115,72.319,72.584,72.867
Europe & Central Asia,ECS,67.037,67.401,67.493,67.762,68.158,68.308,68.518,68.641,68.71,68.716,68.993,69.13,69.334,69.429,69.633,69.607,69.708,69.881,69.97,70.089,70.193,70.458,70.75,70.819,70.969,71.182,71.667,71.884,72.011,72.074,72.077,71.986,71.916,71.599,71.667,71.766,72.152,72.559,72.866,72.916,73.071,73.347,73.434,73.545,73.978,74.14,74.634,74.991,75.247,75.641,75.929,76.442,76.588,76.901,77.217,77.156,77.282
Ecuador,ECU,53.236,53.842,54.409,54.932,55.407,55.84,56.237,56.615,56.992,57.377,57.783,58.216,58.678,59.167,59.682,60.222,60.781,61.353,61.93,62.511,63.095,63.686,64.286,64.896,65.511,66.126,66.735,67.332,67.91,68.464,68.99,69.487,69.956,70.4,70.82,71.217,71.594,71.953,72.297,72.624,72.933,73.22,73.482,73.72,73.937,74.136,74.322,74.501,74.678,74.859,75.046,75.244,75.449,75.661,75.879,76.102,76.327
"Egypt, Arab Rep.",EGY,48.056,48.623,49.147,49.641,50.113,50.556,50.955,51.302,51.602,51.874,52.155,52.487,52.902,53.414,54.027,54.723,55.471,56.228,56.963,57.665,58.338,59.001,59.677,60.378,61.097,61.812,62.494,63.117,63.669,64.151,64.58,64.987,65.401,65.84,66.308,66.789,67.259,67.69,68.061,68.368,68.613,68.807,68.972,69.127,69.282,69.444,69.618,69.797,69.98,70.167,70.357,70.55,70.742,70.933,71.12,71.304,71.484
Euro area,EMU,69.274,69.645,69.604,69.774,70.233,70.32,70.597,70.737,70.787,70.794,71.158,71.266,71.606,71.701,72.027,72.17,72.436,72.791,73.012,73.335,73.53,73.812,74.155,74.23,74.588,74.758,75.057,75.348,75.536,75.762,75.911,76.025,76.38,76.487,76.795,76.956,77.218,77.581,77.797,78.021,78.275,78.597,78.684,78.707,79.279,79.426,79.856,80.1,80.303,80.505,80.747,81.233,81.227,81.513,81.933,81.56,81.56
Spain,ESP,69.109,69.48,69.519,69.681,70.4,70.809,71.055,71.253,71.538,71.058,72.027,71.63,72.818,72.611,72.97,73.319,73.643,74.132,74.296,74.819,75.349,75.529,76.134,75.909,76.295,76.26,76.51,76.728,76.747,76.814,76.838,76.971,77.41,77.547,77.901,77.981,78.12,78.604,78.666,78.717,78.966,79.368,79.568,79.62,79.871,80.171,80.822,80.873,81.176,81.476,81.627,82.476,82.427,83.078,83.229,82.832,82.832
Estonia,EST,67.903,68.361,68.741,69.054,69.31,69.518,69.681,69.802,69.883,69.928,69.937,69.905,69.833,69.725,69.59,69.441,69.29,69.147,69.026,68.939,68.906,68.978,69.127,69.376,69.278,69.38,70.085,70.644,70.698,70.039,69.476,69.373,68.863,67.91,66.5,67.544,69.612,69.81,69.359,70.063,70.417,70.259,70.905,71.317,71.91,72.568,72.691,72.815,73.771,74.824,75.429,76.229,76.327,77.141,77.034,77.59,77.737
Ethiopia,ETH,38.419,39.082,39.711,40.29,40.81,41.267,41.668,42.026,42.355,42.659,42.944,43.213,43.465,43.693,43.894,44.045,44.116,44.103,44.016,43.88,43.746,43.674,43.711,43.884,44.198,44.633,45.146,45.682,46.194,46.668,47.1,47.505,47.912,48.346,48.812,49.305,49.811,50.322,50.836,51.366,51.94,52.593,53.347,54.209,55.172,56.221,57.333,58.466,59.58,60.643,61.625,62.501,63.275,63.952,64.535,65.037,65.475
European Union,EUU,69.28,69.59,69.515,69.76,70.227,70.338,70.568,70.678,70.724,70.68,70.999,71.107,71.415,71.535,71.826,71.922,72.127,72.41,72.525,72.769,72.864,73.203,73.465,73.528,73.803,73.877,74.145,74.388,74.578,74.744,74.869,74.969,75.288,75.395,75.691,75.815,76.067,76.361,76.596,76.825,77.159,77.493,77.606,77.694,78.193,78.365,78.739,78.968,79.183,79.442,79.725,80.24,80.251,80.533,80.921,80.614,80.62
Fragile and conflict affected situations,FCS,40.65,41.168,41.709,42.276,42.871,43.486,44.11,44.728,45.326,45.901,46.449,46.975,47.487,47.985,48.468,48.928,49.36,49.761,50.137,50.498,50.857,51.332,51.712,52.104,52.503,52.9,53.282,53.643,53.961,54.243,54.585,54.788,54.959,55.111,55.252,55.393,55.541,55.703,55.878,56.067,56.312,56.596,56.923,57.29,57.69,58.115,58.557,59.004,59.442,59.863,60.264,60.645,61.014,61.375,61.726,62.066,62.397
Finland,FIN,68.82,68.844,68.578,69.013,69.221,68.978,69.477,69.667,69.616,69.503,70.18,70.018,70.707,71.224,71.135,71.674,71.813,72.35,72.897,73.155,73.44,73.747,74.298,74.201,74.519,74.223,74.56,74.592,74.577,74.792,74.813,75.228,75.455,75.705,76.396,76.41,76.693,76.879,77.091,77.291,77.466,77.966,78.12,78.368,78.715,78.817,79.215,79.263,79.568,79.72,79.871,80.471,80.627,80.976,81.18,81.48,81.78
Fiji,FJI,55.86,56.292,56.716,57.133,57.545,57.95,58.35,58.741,59.123,59.495,59.857,60.207,60.546,60.873,61.191,61.5,61.803,62.102,62.397,62.689,62.978,63.262,63.54,63.811,64.074,64.329,64.577,64.818,65.054,65.284,65.51,65.731,65.948,66.161,66.37,66.575,66.777,66.976,67.172,67.365,67.553,67.734,67.91,68.079,68.243,68.405,68.569,68.737,68.909,69.087,69.267,69.448,69.625,69.796,69.96,70.117,70.269
France,FRA,69.868,70.117,70.315,70.515,70.663,70.812,70.961,71.161,71.31,71.459,71.659,71.907,72.107,72.356,72.605,72.854,73.102,73.351,73.602,73.851,74.051,74.3,74.5,74.8,75.0,75.3,75.6,75.8,76.1,76.349,76.6,76.849,77.1,77.3,77.649,77.751,77.954,78.305,78.605,78.756,79.056,79.159,79.261,79.115,80.163,80.163,80.812,81.112,81.215,81.415,81.663,82.115,81.968,82.22,82.671,82.273,82.273
"Micronesia, Fed. Sts.",FSM,57.58,57.98,58.379,58.777,59.176,59.576,59.979,60.386,60.797,61.211,61.634,62.071,62.519,62.971,63.419,63.843,64.225,64.552,64.817,65.021,65.171,65.28,65.368,65.452,65.541,65.641,65.752,65.868,65.983,66.098,66.212,66.325,66.439,66.552,66.665,66.776,66.884,66.99,67.092,67.195,67.3,67.414,67.539,67.675,67.82,67.969,68.115,68.251,68.375,68.484,68.582,68.673,68.765,68.862,68.966,69.078,69.195
Gabon,GAB,39.587,39.946,40.392,40.944,41.606,42.367,43.204,44.082,44.966,45.842,46.698,47.535,48.363,49.19,50.018,50.846,51.676,52.51,53.344,54.177,55.014,55.864,56.722,57.574,58.398,59.162,59.832,60.382,60.798,61.075,61.215,61.23,61.152,61.012,60.832,60.619,60.372,60.095,59.804,59.527,59.302,59.171,59.154,59.266,59.512,59.89,60.388,60.969,61.597,62.247,62.893,63.519,64.119,64.686,65.211,65.685,66.105
United Kingdom,GBR,71.127,70.878,70.927,70.827,71.624,71.624,71.573,72.124,71.724,71.722,71.973,72.273,72.124,72.324,72.524,72.724,72.776,73.224,73.176,73.276,73.676,74.027,74.178,74.378,74.778,74.629,74.929,75.28,75.38,75.583,75.88,76.083,76.434,76.385,76.885,76.837,77.088,77.211,77.19,77.39,77.741,77.993,78.144,78.446,78.746,79.049,79.249,79.449,79.6,80.051,80.402,80.951,80.905,81.005,81.305,80.956,80.956
Georgia,GEO,63.651,64.058,64.468,64.88,65.291,65.694,66.083,66.454,66.805,67.136,67.452,67.766,68.082,68.401,68.718,69.014,69.266,69.461,69.592,69.665,69.7,69.726,69.768,69.844,69.954,70.083,70.204,70.288,70.323,70.311,70.268,70.22,70.196,70.222,70.307,70.462,70.687,70.966,71.274,71.596,71.907,72.182,72.408,72.575,72.682,72.73,72.73,72.704,72.673,72.65,72.649,72.68,72.742,72.832,72.951,73.096,73.261
Ghana,GHA,45.844,46.28,46.697,47.094,47.47,47.824,48.156,48.469,48.768,49.056,49.339,49.623,49.911,50.204,50.505,50.809,51.11,51.405,51.693,51.977,52.268,52.575,52.907,53.272,53.67,54.111,54.605,55.14,55.697,56.251,56.755,57.16,57.439,57.583,57.598,57.507,57.347,57.171,57.032,56.962,56.994,57.147,57.41,57.761,58.187,58.666,59.167,59.663,60.128,60.55,60.924,61.254,61.561,61.86,62.154,62.448,62.742
Guinea,GIN,34.89,35.086,35.266,35.432,35.588,35.74,35.891,36.048,36.222,36.421,36.656,36.933,37.255,37.623,38.039,38.498,38.993,39.517,40.068,40.65,41.279,41.977,42.753,43.607,44.522,45.482,46.463,47.434,48.359,49.208,49.949,50.557,51.032,51.381,51.61,51.717,51.701,51.592,51.434,51.273,51.181,51.229,51.451,51.859,52.444,53.17,53.972,54.775,55.521,56.185,56.765,57.282,57.782,58.301,58.846,59.419,60.015
"Gambia, The",GMB,32.035,32.317,32.651,33.05,33.523,34.076,34.711,35.417,36.178,36.985,37.824,38.685,39.556,40.429,41.293,42.146,42.989,43.827,44.66,45.483,46.293,47.087,47.86,48.603,49.308,49.958,50.537,51.042,51.476,51.849,52.176,52.481,52.786,53.11,53.461,53.844,54.254,54.676,55.097,55.513,55.924,56.329,56.732,57.132,57.527,57.914,58.289,58.648,58.991,59.316,59.622,59.911,60.187,60.452,60.707,60.954,61.193
Guinea-Bissau,GNB,37.854,38.157,38.481,38.828,39.195,39.58,39.975,40.372,40.767,41.155,41.538,41.917,42.295,42.679,43.068,43.465,43.873,44.292,44.717,45.146,45.569,45.979,46.369,46.737,47.084,47.414,47.734,48.054,48.381,48.718,49.071,49.441,49.825,50.213,50.599,50.969,51.306,51.604,51.86,52.079,52.27,52.45,52.636,52.845,53.084,53.357,53.663,53.991,54.333,54.687,55.05,55.424,55.807,56.2,56.598,57.0,57.403
Equatorial Guinea,GNQ,36.74,37.041,37.342,37.642,37.942,38.242,38.542,38.842,39.142,39.443,39.738,40.019,40.288,40.55,40.818,41.122,41.493,41.95,42.493,43.111,43.772,44.434,45.054,45.604,46.074,46.469,46.81,47.135,47.473,47.838,48.239,48.677,49.142,49.62,50.104,50.588,51.062,51.521,51.959,52.371,52.752,53.099,53.415,53.709,53.987,54.262,54.55,54.858,55.19,55.543,55.908,56.265,56.601,56.905,57.18,57.434,57.681
Greece,GRC,68.164,68.549,68.892,69.186,69.429,69.638,69.837,70.052,70.303,70.589,70.904,71.227,71.535,71.815,72.065,72.294,72.52,72.762,73.031,73.329,73.647,73.969,74.279,74.566,74.829,75.079,75.33,75.598,75.891,76.688,76.939,77.137,77.383,77.39,77.639,77.585,77.685,78.137,77.839,77.988,77.888,78.388,78.641,78.841,79.039,79.239,79.439,79.439,79.939,80.188,80.388,80.732,80.634,81.285,81.385,81.037,81.037
Grenada,GRD,60.068,60.503,60.924,61.331,61.725,62.107,62.477,62.835,63.181,63.517,63.843,64.158,64.462,64.755,65.038,65.312,65.577,65.833,66.081,66.322,66.557,66.787,67.012,67.233,67.449,67.66,67.864,68.06,68.247,68.427,68.6,68.765,68.925,69.083,69.241,69.402,69.57,69.748,69.934,70.131,70.337,70.551,70.77,70.991,71.213,71.438,71.667,71.903,72.142,72.383,72.618,72.84,73.044,73.227,73.388,73.531,73.659
Greenland,GRL,0.0,0.0,0.0,0.0,0.0,0.0,0.0,0.0,0.0,0.0,0.0,0.0,0.0,0.0,0.0,0.0,0.0,0.0,63.415,63.955,63.45,63.075,63.193,63.3,63.467,63.834,64.249,64.654,64.582,64.668,65.068,65.032,65.196,65.585,65.901,65.644,65.767,65.798,66.157,66.403,66.963,67.608,68.163,68.435,68.807,69.221,69.519,69.983,70.213,70.468,70.857,71.062,71.299,71.83,0.0,0.0,0.0
Guatemala,GTM,46.702,47.219,47.75,48.295,48.856,49.434,50.032,50.646,51.267,51.889,52.501,53.091,53.652,54.181,54.676,55.14,55.577,56.0,56.418,56.84,57.272,57.719,58.183,58.661,59.154,59.661,60.176,60.694,61.214,61.735,62.261,62.799,63.352,63.921,64.502,65.09,65.678,66.257,66.817,67.351,67.849,68.304,68.717,69.092,69.437,69.763,70.085,70.415,70.76,71.122,71.494,71.867,72.227,72.562,72.869,73.15,73.409
Guyana,GUY,60.26,60.441,60.623,60.805,60.984,61.157,61.317,61.462,61.588,61.697,61.789,61.868,61.938,62.005,62.072,62.14,62.211,62.283,62.355,62.427,62.498,62.565,62.626,62.684,62.741,62.801,62.869,62.95,63.046,63.159,63.29,63.438,63.6,63.77,63.946,64.122,64.297,64.466,64.63,64.785,64.93,65.065,65.192,65.313,65.428,65.538,65.642,65.741,65.836,65.929,66.022,66.117,66.216,66.318,66.425,66.536,66.65
High income,HIC,68.497,68.882,68.862,69.076,69.482,69.595,69.864,70.095,70.039,70.244,70.576,70.858,71.153,71.324,71.737,72.084,72.343,72.696,72.853,73.18,73.206,73.564,73.893,73.996,74.28,74.4,74.647,74.919,75.033,75.281,75.442,75.616,75.873,75.954,76.24,76.303,76.678,77.012,77.195,77.337,77.618,77.914,78.05,78.177,78.592,78.685,78.987,79.222,79.366,79.643,79.819,80.059,80.175,80.356,80.616,80.495,80.527
"Hong Kong SAR, China",HKG,66.962,67.549,68.106,68.626,69.104,69.543,69.946,70.326,70.691,71.045,71.387,71.459,71.456,72.11,72.612,73.368,72.82,73.32,73.576,73.673,74.673,75.324,75.429,75.276,76.029,76.434,76.685,76.883,77.083,77.029,77.38,77.883,77.678,78.032,78.529,78.683,79.627,80.127,80.132,80.383,80.878,81.424,81.427,81.378,81.829,81.629,82.376,82.327,82.376,82.776,82.978,83.422,83.48,83.832,83.98,84.278,84.227
Honduras,HND,46.274,46.953,47.625,48.285,48.926,49.548,50.151,50.742,51.33,51.921,52.523,53.14,53.779,54.44,55.125,55.834,56.567,57.318,58.08,58.851,59.632,60.428,61.236,62.051,62.859,63.643,64.382,65.063,65.679,66.23,66.725,67.18,67.616,68.047,68.476,68.898,69.301,69.672,70.001,70.288,70.537,70.756,70.957,71.15,71.341,71.532,71.724,71.911,72.093,72.27,72.446,72.624,72.805,72.99,73.181,73.376,73.575
Heavily indebted poor countries (HIPC),HPC,39.575,40.009,40.436,40.855,41.264,41.667,42.067,42.467,42.871,43.277,43.687,44.1,44.513,44.922,45.323,45.712,46.083,46.436,46.773,47.095,47.407,47.716,48.024,48.33,48.628,48.906,49.146,49.337,49.477,49.578,49.663,49.761,49.892,50.064,50.267,50.496,50.755,51.048,51.381,51.762,52.201,52.71,53.289,53.934,54.633,55.371,56.129,56.889,57.63,58.338,59.002,59.615,60.183,60.713,61.205,61.66,62.082
Haiti,HTI,42.113,42.697,43.277,43.849,44.412,44.955,45.472,45.955,46.405,46.823,47.215,47.592,47.965,48.341,48.723,49.107,49.485,49.849,50.196,50.527,50.852,51.182,51.527,51.892,52.279,52.68,53.088,53.492,53.881,54.253,54.609,54.954,55.296,55.639,55.981,56.316,56.635,56.933,57.209,57.467,57.716,57.969,58.239,58.535,58.86,59.219,59.61,60.023,60.448,60.876,61.296,61.699,62.078,62.432,62.757,63.055,63.33
Hungary,HUN,68.003,68.936,67.866,68.874,69.381,69.071,69.822,69.407,69.23,69.315,69.165,69.052,69.665,69.518,69.248,69.29,69.573,69.848,69.394,69.615,69.062,69.139,69.358,68.974,69.026,68.972,69.173,69.651,70.023,69.462,69.316,69.377,69.117,69.101,69.47,69.792,70.329,70.702,70.558,70.677,71.246,72.249,72.349,72.3,72.649,72.649,73.098,73.151,73.702,73.905,74.207,74.859,75.063,75.566,75.763,75.568,75.568
IBRD only,IBD,48.674,49.198,49.802,50.545,51.415,52.393,53.411,54.414,55.382,56.242,57.039,57.742,58.387,58.998,59.589,60.106,60.62,61.094,61.537,61.932,62.301,62.67,63.021,63.329,63.613,63.942,64.316,64.617,64.91,65.176,65.435,65.682,65.884,66.072,66.323,66.611,66.95,67.308,67.643,67.931,68.247,68.572,68.875,69.179,69.495,69.783,70.111,70.422,70.711,71.023,71.304,71.6,71.859,72.114,72.341,72.556,72.763
IDA & IBRD total,IBT,47.55,48.065,48.651,49.358,50.168,51.063,51.986,52.887,53.751,54.519,55.231,55.863,56.449,57.01,57.558,58.049,58.542,59.004,59.44,59.834,60.202,60.568,60.915,61.222,61.504,61.816,62.158,62.434,62.695,62.93,63.153,63.369,63.541,63.706,63.925,64.176,64.473,64.792,65.088,65.357,65.657,65.97,66.275,66.591,66.926,67.246,67.602,67.947,68.274,68.614,68.924,69.237,69.516,69.785,70.027,70.253,70.469
IDA total,IDA,41.921,42.465,43.006,43.544,44.075,44.585,45.061,45.494,45.882,46.229,46.548,46.86,47.184,47.535,47.921,48.345,48.807,49.292,49.78,50.256,50.709,51.171,51.577,51.957,52.316,52.643,52.933,53.186,53.398,53.595,53.768,53.938,54.116,54.302,54.503,54.724,54.968,55.23,55.508,55.816,56.158,56.543,56.974,57.45,57.966,58.51,59.074,59.644,60.204,60.742,61.247,61.716,62.151,62.557,62.936,63.29,63.621
IDA blend,IDB,43.605,44.264,44.902,45.516,46.108,46.677,47.227,47.761,48.282,48.79,49.284,49.763,50.225,50.671,51.099,51.514,51.919,52.319,52.711,53.095,53.463,53.809,54.128,54.398,54.631,54.817,54.956,55.06,55.121,55.16,55.175,55.164,55.139,55.095,55.052,55.019,55.006,55.023,55.063,55.146,55.288,55.497,55.776,56.11,56.505,56.949,57.432,57.939,58.452,58.957,59.447,59.903,60.317,60.7,61.05,61.37,61.662
Indonesia,IDN,48.651,49.281,49.897,50.499,51.09,51.672,52.249,52.824,53.397,53.968,54.537,55.1,55.655,56.197,56.726,57.24,57.742,58.23,58.707,59.171,59.618,60.045,60.451,60.836,61.203,61.555,61.899,62.241,62.583,62.929,63.281,63.638,63.998,64.353,64.701,65.032,65.339,65.617,65.866,66.087,66.285,66.467,66.643,66.82,67.002,67.191,67.386,67.581,67.775,67.964,68.15,68.331,68.509,68.684,68.856,69.025,69.191
IDA only,IDX,41.119,41.607,42.103,42.605,43.107,43.59,44.031,44.417,44.742,45.012,45.247,45.477,45.732,46.034,46.394,46.818,47.3,47.819,48.347,48.861,49.35,49.868,50.311,50.742,51.16,51.554,51.916,52.241,52.528,52.804,53.057,53.319,53.599,53.903,54.227,54.576,54.948,55.333,55.73,56.149,56.59,57.063,57.567,58.112,58.686,59.279,59.882,60.482,61.065,61.619,62.133,62.61,63.056,63.474,63.868,64.239,64.59
India,IND,41.174,41.794,42.421,43.057,43.702,44.356,45.02,45.691,46.366,47.043,47.721,48.399,49.075,49.746,50.405,51.047,51.665,52.257,52.819,53.349,53.842,54.295,54.711,55.099,55.468,55.83,56.201,56.589,57.003,57.445,57.915,58.409,58.915,59.421,59.921,60.408,60.877,61.327,61.761,62.179,62.582,62.977,63.368,63.759,64.154,64.556,64.966,65.383,65.802,66.219,66.625,67.013,67.377,67.714,68.021,68.302,68.56
Ireland,IRL,69.797,69.978,70.134,70.273,70.401,70.523,70.638,70.745,70.844,70.938,71.031,71.129,71.232,71.346,71.472,71.617,71.783,71.969,72.174,72.393,72.623,72.856,73.088,73.314,73.531,73.742,73.951,74.163,74.378,74.596,74.809,75.005,75.181,75.336,75.477,75.618,75.832,75.985,76.18,76.083,76.537,77.134,77.634,78.139,78.539,78.944,79.241,79.641,80.095,80.19,80.744,80.746,80.846,81.0,81.349,81.454,81.607
"Iran, Islamic Rep.",IRN,44.947,45.512,46.07,46.622,47.173,47.73,48.3,48.889,49.505,50.15,50.856,51.662,52.561,53.514,54.463,55.265,55.744,55.826,55.513,54.88,54.111,53.452,53.128,53.293,53.995,55.213,56.846,58.683,60.528,62.275,63.828,65.131,66.209,67.094,67.791,68.326,68.741,69.092,69.428,69.775,70.144,70.526,70.899,71.249,71.582,71.912,72.259,72.635,73.044,73.481,73.932,74.375,74.787,75.153,75.466,75.73,75.953
Iraq,IRQ,48.022,49.222,50.409,51.58,52.73,53.839,54.885,55.85,56.723,57.5,58.199,58.849,59.47,60.062,60.611,61.046,61.276,61.263,61.018,60.598,60.127,59.766,59.647,59.85,60.393,61.236,62.285,63.393,64.436,65.354,66.118,66.735,67.256,67.722,68.134,68.489,68.776,68.987,69.122,69.183,69.169,69.081,68.932,68.742,68.537,68.35,68.217,68.156,68.177,68.283,68.465,68.702,68.963,69.219,69.458,69.672,69.862
Iceland,ISL,73.423,73.503,73.722,73.043,73.542,73.869,73.3,73.783,74.006,73.776,73.934,73.57,74.456,74.451,74.512,75.579,76.972,76.374,76.649,76.773,76.847,76.521,77.038,76.846,77.577,77.602,77.991,77.339,77.083,78.141,78.036,77.992,78.76,78.935,79.247,77.984,78.778,78.885,79.602,79.351,79.654,80.69,80.502,80.963,80.998,81.502,81.159,81.454,81.61,81.751,81.898,82.359,82.917,82.061,82.861,82.468,82.468
Israel,ISR,0.0,72.007,72.112,0.0,0.0,0.0,72.286,71.51,71.057,70.97,71.213,71.719,71.078,71.693,71.662,72.045,72.956,72.959,73.207,73.507,73.876,74.261,74.11,74.459,74.807,75.207,74.956,75.259,74.437,76.307,76.607,76.759,76.505,77.154,77.402,77.451,78.105,78.0,78.149,78.659,78.954,79.407,79.451,79.649,80.146,80.151,80.554,80.505,80.951,81.405,81.602,81.656,81.705,82.056,82.154,82.051,82.407
Italy,ITA,69.124,69.76,69.15,69.248,70.312,70.172,70.926,70.957,70.78,70.812,71.559,71.807,72.075,72.026,72.734,72.647,72.992,73.365,73.693,74.003,73.943,74.354,74.815,74.64,75.39,75.471,75.771,76.22,76.371,76.82,76.971,77.02,77.42,77.722,77.922,78.171,78.522,78.824,78.976,79.424,79.778,80.127,80.229,79.983,80.78,80.783,81.283,81.434,81.485,81.637,82.037,82.188,82.239,82.69,83.09,82.544,82.544
Jamaica,JAM,64.387,64.96,65.484,65.962,66.396,66.789,67.144,67.466,67.763,68.045,68.324,68.609,68.907,69.219,69.546,69.885,70.235,70.583,70.919,71.231,71.509,71.739,71.92,72.052,72.135,72.175,72.179,72.16,72.129,72.096,72.065,72.039,72.015,71.996,71.986,71.99,72.011,72.052,72.116,72.205,72.327,72.487,72.683,72.911,73.167,73.446,73.739,74.038,74.334,74.619,74.883,75.122,75.334,75.523,75.689,75.836,75.97
Jordan,JOR,52.651,53.438,54.22,54.995,55.765,56.526,57.279,58.022,58.752,59.468,60.171,60.864,61.545,62.215,62.869,63.502,64.108,64.683,65.224,65.731,66.207,66.656,67.086,67.5,67.899,68.283,68.649,68.992,69.311,69.604,69.872,70.113,70.331,70.529,70.712,70.885,71.053,71.219,71.386,71.556,71.73,71.907,72.083,72.256,72.427,72.594,72.76,72.924,73.087,73.25,73.412,73.571,73.729,73.883,74.034,74.182,74.329
Japan,JPN,67.666,68.31,68.595,69.658,70.132,70.202,70.987,71.277,71.611,71.839,71.95,72.883,73.507,73.758,74.394,75.057,75.457,75.898,76.038,76.338,76.092,76.414,76.923,76.961,77.365,77.65,78.065,78.484,78.399,78.818,78.837,79.101,79.154,79.294,79.687,79.536,80.2,80.424,80.501,80.571,81.076,81.417,81.563,81.76,82.03,81.925,82.322,82.507,82.588,82.931,82.843,82.591,83.096,83.332,83.588,83.794,83.985
Kazakhstan,KAZ,58.368,58.782,59.199,59.619,60.036,60.449,60.852,61.239,61.609,61.956,62.276,62.565,62.825,63.06,63.28,63.492,63.71,63.941,64.192,64.467,66.624,66.706,66.788,67.662,68.537,68.537,68.913,69.29,68.849,68.29,68.337,67.983,67.732,66.727,65.673,64.92,64.11,64.463,64.561,65.52,65.517,65.768,65.968,65.866,65.888,65.91,66.161,66.505,67.022,68.429,68.295,68.98,69.61,70.45,71.62,72.0,72.3
Kenya,KEN,46.348,46.997,47.635,48.251,48.841,49.409,49.962,50.514,51.074,51.644,52.222,52.803,53.379,53.945,54.497,55.042,55.592,56.148,56.705,57.247,57.757,58.211,58.588,58.869,59.039,59.082,58.994,58.783,58.465,58.05,57.536,56.918,56.212,55.449,54.669,53.911,53.205,52.589,52.106,51.805,51.751,52.004,52.565,53.413,54.513,55.819,57.271,58.784,60.275,61.68,62.936,64.008,64.907,65.651,66.242,66.695,67.032
Kyrgyz Republic,KGZ,56.128,56.564,57.003,57.443,57.882,58.315,58.738,59.146,59.536,59.904,60.245,60.554,60.835,61.093,61.333,61.565,61.797,62.04,62.301,62.586,62.904,63.264,63.659,64.078,64.505,64.919,65.294,65.611,65.859,67.907,68.298,68.551,68.102,67.193,66.039,65.79,66.544,66.893,67.051,68.656,68.559,68.707,68.156,68.256,68.154,67.956,67.695,67.895,68.451,69.102,69.3,69.602,70.002,70.202,70.402,70.651,70.951
Cambodia,KHM,41.242,41.366,41.526,41.71,41.893,42.083,42.298,42.486,42.55,42.369,41.566,39.699,36.676,32.667,28.04,23.595,20.317,18.907,19.725,22.744,27.536,33.342,39.157,44.173,48.025,50.563,51.916,52.587,52.999,53.302,53.595,53.916,54.228,54.514,54.82,55.189,55.653,56.212,56.862,57.604,58.432,59.335,60.283,61.241,62.186,63.088,63.927,64.695,65.391,66.01,66.555,67.034,67.466,67.868,68.251,68.62,68.981
Kiribati,KIR,49.245,49.773,50.304,50.828,51.338,51.838,52.337,52.845,53.361,53.879,54.384,54.858,55.287,55.659,55.973,56.224,56.416,56.564,56.688,56.802,56.927,57.077,57.262,57.49,57.768,58.101,58.492,58.927,59.394,59.88,60.371,60.854,61.318,61.755,62.158,62.526,62.862,63.174,63.469,63.745,64.001,64.231,64.43,64.599,64.74,64.859,64.961,65.054,65.146,65.244,65.354,65.481,65.623,65.78,65.949,66.13,66.317
"Korea, Rep.",KOR,53.002,53.737,54.485,55.247,56.024,56.823,57.658,58.527,59.418,60.316,62.163,62.612,63.01,63.407,63.805,64.154,64.502,64.9,65.198,65.546,66.046,66.546,67.095,67.546,68.195,68.795,69.446,69.998,70.549,71.049,71.598,72.046,72.498,72.998,73.398,73.7,74.151,74.602,75.005,75.41,75.91,76.412,76.766,77.215,77.666,78.168,78.668,79.12,79.517,79.968,80.117,80.568,80.82,81.271,81.722,82.024,82.024
Kuwait,KWT,60.285,61.01,61.697,62.346,62.961,63.542,64.092,64.614,65.108,65.579,66.027,66.453,66.857,67.241,67.607,67.958,68.298,68.628,68.949,69.263,69.573,69.878,70.178,70.47,70.752,71.021,71.273,71.505,71.717,71.908,72.079,72.232,72.369,72.496,72.613,72.722,72.824,72.917,73.004,73.084,73.16,73.232,73.3,73.367,73.434,73.505,73.584,73.67,73.764,73.868,73.979,74.096,74.217,74.338,74.458,74.577,74.694
Latin America & Caribbean (excluding high income),LAC,55.677,56.172,56.648,57.106,57.547,57.976,58.4,58.822,59.248,59.677,60.108,60.536,60.955,61.361,61.754,62.135,62.507,62.875,63.243,63.612,63.983,64.352,64.719,65.078,65.433,65.783,66.128,66.47,66.811,67.155,67.505,67.867,68.243,68.628,69.025,69.427,69.827,70.222,70.603,70.967,71.312,71.637,71.945,72.237,72.518,72.789,73.053,73.311,73.565,73.816,74.062,74.303,74.537,74.763,74.981,75.192,75.397
Lao PDR,LAO,43.204,43.511,43.817,44.121,44.424,44.728,45.033,45.34,45.65,45.962,46.273,46.578,46.876,47.166,47.449,47.722,47.985,48.244,48.503,48.771,49.06,49.38,49.74,50.14,50.58,51.055,51.553,52.064,52.576,53.085,53.589,54.09,54.594,55.106,55.628,56.158,56.698,57.246,57.801,58.359,58.923,59.494,60.07,60.648,61.224,61.793,62.348,62.886,63.402,63.893,64.357,64.795,65.208,65.6,65.975,66.335,66.683
Lebanon,LBN,63.267,63.575,63.871,64.157,64.435,64.709,64.982,65.255,65.528,65.8,66.067,66.323,66.565,66.789,66.995,67.183,67.352,67.508,67.657,67.804,67.955,68.115,68.287,68.475,68.681,68.904,69.143,69.394,69.656,69.93,70.222,70.537,70.878,71.248,71.646,72.071,72.522,72.991,73.473,73.959,74.447,74.934,75.418,75.892,76.351,76.786,77.187,77.553,77.881,78.173,78.43,78.656,78.86,79.05,79.231,79.409,79.584
Libya,LBY,42.609,44.211,45.833,47.415,48.914,50.303,51.581,52.778,53.921,55.011,56.052,57.046,57.995,58.902,59.77,60.6,61.393,62.15,62.869,63.548,64.185,64.771,65.306,65.793,66.235,66.644,67.034,67.413,67.789,68.16,68.522,68.864,69.172,69.439,69.664,69.85,70.0,70.127,70.241,70.352,70.473,70.616,70.783,70.97,71.17,71.362,71.521,71.629,71.681,71.679,71.643,71.598,71.574,71.592,71.659,71.776,71.934
St. Lucia,LCA,57.329,58.13,58.872,59.531,60.104,60.602,61.052,61.494,61.962,62.468,63.017,63.604,64.21,64.818,65.422,66.02,66.615,67.207,67.791,68.354,68.88,69.348,69.747,70.074,70.329,70.521,70.668,70.789,70.9,71.008,71.108,71.187,71.235,71.248,71.235,71.209,71.186,71.184,71.221,71.307,71.456,71.676,71.958,72.287,72.652,73.028,73.393,73.728,74.02,74.265,74.465,74.633,74.788,74.947,75.117,75.3,75.496
Latin America & Caribbean,LCN,56.054,56.536,57.001,57.448,57.879,58.3,58.716,59.132,59.552,59.976,60.402,60.828,61.247,61.654,62.05,62.433,62.809,63.181,63.552,63.924,64.296,64.666,65.033,65.391,65.744,66.091,66.432,66.77,67.106,67.443,67.786,68.141,68.508,68.886,69.274,69.668,70.062,70.449,70.824,71.183,71.53,71.85,72.156,72.443,72.718,72.983,73.24,73.491,73.735,73.98,74.222,74.459,74.688,74.911,75.127,75.335,75.54
Least developed countries: UN classification,LDC,40.236,40.711,41.195,41.687,42.181,42.657,43.089,43.462,43.77,44.016,44.223,44.422,44.646,44.92,45.256,45.663,46.137,46.653,47.181,47.695,48.18,48.634,49.067,49.486,49.891,50.274,50.623,50.936,51.214,51.469,51.721,51.993,52.3,52.646,53.023,53.424,53.848,54.291,54.752,55.23,55.729,56.257,56.818,57.41,58.029,58.666,59.314,59.96,60.592,61.202,61.779,62.317,62.816,63.278,63.702,64.09,64.445
Low income,LIC,39.094,39.506,39.913,40.326,40.749,41.188,41.64,42.099,42.559,43.016,43.468,43.914,44.354,44.786,45.208,45.614,46.0,46.366,46.714,47.05,47.379,47.707,48.038,48.368,48.693,48.998,49.268,49.489,49.656,49.781,49.882,49.984,50.107,50.257,50.429,50.625,50.856,51.137,51.478,51.884,52.359,52.906,53.519,54.185,54.894,55.632,56.389,57.151,57.902,58.63,59.321,59.966,60.567,61.125,61.638,62.108,62.537
Sri Lanka,LKA,59.369,59.769,60.177,60.611,61.078,61.579,62.104,62.631,63.144,63.634,64.097,64.528,64.934,65.321,65.694,66.067,66.459,66.874,67.308,67.751,68.171,68.529,68.801,68.975,69.058,69.079,69.086,69.121,69.209,69.351,69.511,69.628,69.66,69.593,69.452,69.31,69.267,69.399,69.744,70.296,71.002,71.775,72.511,73.128,73.593,73.896,74.059,74.144,74.207,74.27,74.352,74.462,74.593,74.741,74.906,75.088,75.284
Lower middle income,LMC,45.527,46.126,46.721,47.312,47.897,48.468,49.014,49.529,50.011,50.465,50.903,51.344,51.802,52.286,52.797,53.332,53.88,54.426,54.953,55.452,55.915,56.35,56.745,57.12,57.478,57.823,58.161,58.512,58.845,59.188,59.53,59.846,60.201,60.532,60.856,61.176,61.502,61.835,62.168,62.487,62.791,63.116,63.437,63.768,64.108,64.454,64.814,65.178,65.539,65.909,66.267,66.599,66.904,67.192,67.456,67.702,67.937
Low & middle income,LMY,47.296,47.817,48.418,49.125,49.945,50.847,51.783,52.705,53.576,54.364,55.088,55.736,56.321,56.891,57.443,57.948,58.446,58.916,59.358,59.752,60.13,60.49,60.839,61.15,61.436,61.754,62.096,62.376,62.636,62.877,63.106,63.326,63.492,63.65,63.864,64.11,64.401,64.716,65.01,65.281,65.581,65.896,66.205,66.524,66.861,67.184,67.542,67.888,68.216,68.558,68.868,69.181,69.463,69.733,69.974,70.203,70.42
Lesotho,LSO,46.602,47.089,47.501,47.829,48.08,48.264,48.401,48.522,48.656,48.822,49.037,49.309,49.634,50.006,50.426,50.896,51.418,51.985,52.582,53.196,53.807,54.396,54.949,55.462,55.931,56.395,56.905,57.48,58.098,58.708,59.206,59.464,59.394,58.944,58.112,56.902,55.351,53.584,51.75,49.971,48.405,47.195,46.394,46.021,46.078,46.521,47.266,48.171,49.112,50.014,50.826,51.53,52.158,52.738,53.268,53.745,54.174
Late-demographic dividend,LTE,50.245,50.748,51.389,52.262,53.368,54.671,56.046,57.401,58.686,59.788,60.769,61.59,62.314,62.981,63.628,64.158,64.706,65.213,65.683,66.092,66.474,66.866,67.229,67.506,67.732,68.02,68.378,68.58,68.769,68.906,69.04,69.162,69.186,69.193,69.322,69.542,69.873,70.229,70.575,70.862,71.217,71.599,71.958,72.311,72.679,72.988,73.348,73.662,73.93,74.217,74.443,74.714,74.927,75.148,75.343,75.53,75.716
Luxembourg,LUX,68.446,68.738,68.998,69.223,69.411,69.561,69.674,69.761,69.835,69.905,69.983,70.081,70.205,70.358,70.543,70.758,70.999,71.256,71.522,71.794,72.073,72.358,72.653,72.959,73.272,73.586,73.895,74.194,74.48,74.752,75.01,75.463,75.771,75.712,76.371,76.512,76.52,76.88,77.017,77.771,77.873,77.824,77.966,77.727,79.122,79.432,79.288,79.383,80.539,80.637,80.632,80.988,81.393,81.8,82.229,82.293,82.293
"Macao SAR, China",MAC,64.828,65.301,65.757,66.199,66.629,67.055,67.486,67.928,68.388,68.865,69.36,69.869,70.384,70.897,71.4,71.887,72.352,72.793,73.209,73.602,73.974,74.33,74.677,75.02,75.362,75.702,76.036,76.363,76.68,76.99,77.296,77.607,77.926,78.253,78.588,78.925,79.256,79.573,79.872,80.15,80.407,80.645,80.87,81.089,81.304,81.523,81.748,81.981,82.22,82.462,82.704,82.937,83.155,83.355,83.536,83.7,83.849
Morocco,MAR,48.458,48.88,49.307,49.738,50.168,50.593,51.009,51.413,51.808,52.195,52.572,52.94,53.305,53.676,54.066,54.492,54.976,55.525,56.141,56.823,57.56,58.339,59.139,59.937,60.717,61.469,62.189,62.878,63.536,64.158,64.733,65.253,65.716,66.129,66.502,66.848,67.184,67.526,67.889,68.284,68.722,69.209,69.738,70.296,70.873,71.456,72.029,72.58,73.097,73.572,73.999,74.377,74.717,75.026,75.309,75.573,75.821
Madagascar,MDG,39.962,40.444,40.924,41.401,41.876,42.351,42.828,43.31,43.796,44.283,44.771,45.257,45.735,46.203,46.656,47.094,47.517,47.926,48.317,48.683,49.005,49.26,49.442,49.56,49.634,49.694,49.781,49.932,50.176,50.53,51.003,51.595,52.278,53.022,53.808,54.616,55.43,56.239,57.028,57.782,58.485,59.129,59.717,60.256,60.752,61.212,61.65,62.079,62.509,62.944,63.388,63.836,64.28,64.713,65.133,65.539,65.932
Maldives,MDV,37.397,37.995,38.626,39.281,39.956,40.643,41.339,42.046,42.764,43.495,44.241,45.009,45.803,46.624,47.474,48.355,49.271,50.215,51.18,52.154,53.12,54.061,54.964,55.826,56.648,57.437,58.208,58.98,59.766,60.573,61.399,62.237,63.077,63.911,64.739,65.568,66.408,67.267,68.144,69.035,69.936,70.842,71.737,72.603,73.418,74.151,74.771,75.269,75.648,75.92,76.112,76.259,76.401,76.571,76.783,77.042,77.339
Middle East & North Africa,MEA,46.696,47.785,48.374,48.465,49.059,49.652,50.706,51.261,51.805,52.354,52.927,53.537,54.163,54.859,55.564,56.268,56.929,57.49,57.968,58.373,58.745,59.141,59.604,60.189,60.888,61.693,62.551,63.428,64.245,65.046,65.755,66.358,66.838,67.327,67.763,68.184,68.555,68.886,69.199,69.505,69.796,70.079,70.344,70.604,70.865,71.112,71.363,71.599,71.834,72.06,72.272,72.474,72.675,72.885,73.088,73.285,73.491
Mexico,MEX,57.082,57.674,58.199,58.662,59.076,59.454,59.814,60.172,60.544,60.94,61.369,61.837,62.334,62.852,63.385,63.928,64.474,65.016,65.548,66.064,66.562,67.04,67.501,67.949,68.385,68.81,69.226,69.635,70.039,70.438,70.836,71.235,71.633,72.029,72.418,72.796,73.158,73.498,73.814,74.103,74.364,74.598,74.809,75.002,75.18,75.347,75.505,75.656,75.802,75.948,76.096,76.251,76.412,76.579,76.753,76.933,77.118
Middle income,MIC,47.895,48.43,49.048,49.776,50.625,51.561,52.533,53.49,54.393,55.207,55.953,56.616,57.214,57.797,58.362,58.877,59.389,59.871,60.324,60.728,61.114,61.481,61.834,62.147,62.435,62.758,63.112,63.402,63.676,63.935,64.184,64.422,64.606,64.779,65.012,65.276,65.586,65.916,66.223,66.498,66.796,67.107,67.405,67.711,68.03,68.33,68.665,68.987,69.288,69.606,69.892,70.185,70.447,70.7,70.925,71.142,71.349
"Macedonia, FYR",MKD,60.633,61.259,61.87,62.469,63.06,63.642,64.216,64.775,65.313,65.824,66.301,66.736,67.128,67.474,67.773,68.02,68.212,68.355,68.462,68.549,68.64,68.764,68.936,69.162,69.442,69.76,70.094,70.414,70.7,70.945,71.152,71.331,71.502,71.68,71.871,72.08,72.309,72.55,72.795,73.038,73.267,73.47,73.642,73.782,73.893,73.986,74.077,74.18,74.305,74.457,74.632,74.824,75.019,75.207,75.384,75.549,75.703
Mali,MLI,28.199,28.345,28.535,28.782,29.097,29.489,29.959,30.496,31.086,31.72,32.388,33.078,33.782,34.493,35.205,35.921,36.645,37.385,38.142,38.909,39.677,40.435,41.173,41.879,42.545,43.17,43.759,44.315,44.838,45.323,45.746,46.076,46.305,46.445,46.52,46.573,46.658,46.823,47.103,47.515,48.069,48.758,49.54,50.373,51.224,52.057,52.839,53.553,54.193,54.756,55.249,55.694,56.122,56.556,57.007,57.478,57.966
Malta,MLT,68.595,68.887,69.174,69.455,69.733,70.008,70.279,70.547,70.812,71.073,71.33,71.585,71.836,72.085,72.33,72.574,72.815,73.053,73.289,73.522,73.753,73.981,74.208,74.431,74.651,74.869,75.086,75.3,75.513,75.725,75.936,76.145,76.352,76.556,76.758,77.141,77.141,77.59,77.388,77.3,78.2,78.844,78.739,78.546,79.254,79.3,79.439,79.793,79.637,80.241,81.398,80.746,80.746,81.746,81.946,81.798,81.798
Middle East & North Africa (excluding high income),MNA,46.632,47.221,47.808,48.394,48.983,49.571,50.15,50.714,51.265,51.808,52.36,52.944,53.571,54.237,54.932,55.617,56.245,56.786,57.232,57.596,57.925,58.284,58.733,59.31,60.021,60.85,61.758,62.682,63.566,64.382,65.133,65.76,66.311,66.804,67.249,67.653,68.021,68.36,68.677,68.977,69.266,69.546,69.82,70.086,70.348,70.605,70.857,71.099,71.329,71.546,71.755,71.959,72.164,72.371,72.579,72.786,72.992
Mongolia,MNG,48.392,49.304,50.185,51.012,51.771,52.461,53.098,53.702,54.285,54.845,55.364,55.819,56.192,56.477,56.676,56.796,56.848,56.86,56.861,56.875,56.936,57.074,57.295,57.595,57.968,58.392,58.836,59.266,59.655,59.992,60.268,60.486,60.67,60.841,61.015,61.211,61.447,61.73,62.063,62.446,62.869,63.319,63.777,64.23,64.671,65.104,65.539,65.987,66.449,66.92,67.383,67.82,68.215,68.558,68.847,69.087,69.287
Mozambique,MOZ,35.026,35.49,35.936,36.363,36.773,37.174,37.573,37.98,38.397,38.826,39.271,39.735,40.21,40.679,41.125,41.512,41.804,41.983,42.05,42.017,41.913,41.778,41.66,41.597,41.61,41.705,41.872,42.085,42.327,42.6,42.915,43.293,43.745,44.272,44.862,45.491,46.124,46.736,47.309,47.841,48.348,48.859,49.406,50.007,50.663,51.362,52.079,52.785,53.459,54.096,54.7,55.288,55.878,56.483,57.099,57.714,58.311
Mauritania,MRT,43.488,44.171,44.835,45.472,46.077,46.648,47.184,47.694,48.185,48.662,49.13,49.59,50.046,50.504,50.969,51.453,51.966,52.511,53.084,53.678,54.28,54.876,55.45,55.986,56.476,56.912,57.293,57.625,57.919,58.18,58.415,58.633,58.839,59.039,59.233,59.419,59.587,59.733,59.855,59.957,60.049,60.143,60.25,60.381,60.539,60.729,60.952,61.199,61.461,61.73,61.997,62.253,62.492,62.711,62.907,63.082,63.238
Mauritius,MUS,58.745,59.748,60.627,61.358,61.935,62.358,62.639,62.815,62.932,63.02,63.118,63.253,63.44,63.686,64.0,64.391,64.856,65.372,65.913,66.456,66.965,67.407,67.765,68.038,68.23,68.371,68.499,68.656,68.863,69.124,69.405,69.956,70.059,70.107,70.159,70.326,70.323,70.405,70.607,70.961,71.663,71.766,71.966,72.121,72.277,72.432,72.432,72.571,72.571,72.882,72.967,73.267,73.863,74.017,74.194,74.353,74.395
Malawi,MWI,37.805,38.031,38.249,38.458,38.664,38.881,39.127,39.415,39.75,40.134,40.558,41.011,41.475,41.932,42.376,42.802,43.215,43.621,44.02,44.408,44.776,45.112,45.411,45.668,45.882,46.055,46.196,46.313,46.414,46.503,46.576,46.627,46.65,46.647,46.627,46.585,46.516,46.434,46.369,46.355,46.45,46.71,47.169,47.843,48.735,49.846,51.163,52.63,54.177,55.745,57.263,58.667,59.927,61.02,61.932,62.661,63.223
Malaysia,MYS,59.466,60.044,60.605,61.148,61.672,62.176,62.661,63.128,63.581,64.019,64.445,64.857,65.256,65.643,66.019,66.383,66.736,67.078,67.41,67.732,68.044,68.348,68.643,68.93,69.21,69.482,69.746,70.002,70.251,70.492,70.727,70.955,71.177,71.394,71.605,71.813,72.019,72.222,72.422,72.616,72.8,72.966,73.113,73.242,73.356,73.463,73.577,73.704,73.852,74.022,74.21,74.408,74.606,74.797,74.976,75.143,75.3
North America,NAC,69.894,70.368,70.233,70.05,70.313,70.367,70.378,70.714,70.176,70.695,70.985,71.289,71.325,71.529,72.079,72.694,72.953,73.35,73.47,73.908,73.753,74.154,74.49,74.618,74.736,74.734,74.794,74.961,74.968,75.222,75.431,75.585,75.788,75.646,75.843,75.856,76.245,76.633,76.786,76.81,76.892,77.097,77.198,77.313,77.749,77.764,77.944,78.24,78.301,78.643,78.805,78.921,79.025,79.045,79.154,79.036,79.055
Namibia,NAM,46.91,47.535,48.145,48.74,49.32,49.879,50.411,50.917,51.4,51.869,52.338,52.83,53.354,53.914,54.503,55.102,55.684,56.224,56.708,57.135,57.521,57.892,58.275,58.685,59.122,59.584,60.063,60.533,60.957,61.307,61.539,61.614,61.518,61.247,60.806,60.192,59.407,58.495,57.517,56.533,55.608,54.798,54.145,53.693,53.48,53.563,53.983,54.712,55.697,56.883,58.189,59.527,60.815,61.982,62.981,63.782,64.388
New Caledonia,NCL,58.639,59.039,59.439,59.888,60.337,60.785,61.234,61.683,62.132,62.58,63.029,63.478,63.927,64.376,64.824,65.273,65.722,66.171,66.304,66.437,66.57,66.702,66.92,68.588,68.063,68.766,69.063,69.427,69.454,69.085,70.485,70.359,71.615,71.656,70.673,72.01,71.998,71.739,74.376,73.876,75.163,74.832,75.102,75.271,75.471,75.722,76.076,76.478,76.68,76.98,77.259,76.647,77.069,77.176,77.253,77.244,76.962
Niger,NER,35.045,35.131,35.212,35.288,35.359,35.428,35.496,35.571,35.657,35.76,35.884,36.032,36.204,36.403,36.634,36.905,37.227,37.6,38.02,38.48,38.962,39.45,39.927,40.385,40.821,41.24,41.654,42.079,42.531,43.015,43.54,44.108,44.711,45.343,45.996,46.659,47.323,47.979,48.622,49.253,49.874,50.494,51.123,51.77,52.436,53.127,53.849,54.593,55.35,56.105,56.838,57.528,58.16,58.727,59.228,59.667,60.058
Nigeria,NGA,36.975,37.43,37.87,38.289,38.689,39.07,39.439,39.807,40.182,40.568,40.97,41.391,41.827,42.275,42.728,43.186,43.646,44.103,44.546,44.962,45.331,45.635,45.866,46.021,46.104,46.125,46.099,46.046,45.988,45.937,45.898,45.873,45.855,45.843,45.841,45.852,45.877,45.921,45.992,46.101,46.266,46.509,46.834,47.24,47.717,48.246,48.802,49.356,49.887,50.385,50.847,51.279,51.699,52.121,52.549,52.985,53.428
Nicaragua,NIC,47.03,47.677,48.329,48.984,49.642,50.306,50.978,51.657,52.339,53.019,53.685,54.328,54.941,55.517,56.053,56.545,56.991,57.398,57.779,58.146,58.509,58.88,59.271,59.691,60.151,60.67,61.261,61.92,62.637,63.396,64.169,64.927,65.642,66.297,66.886,67.411,67.891,68.349,68.808,69.272,69.742,70.214,70.675,71.117,71.537,71.935,72.313,72.677,73.028,73.369,73.699,74.016,74.319,74.608,74.884,75.149,75.404
Netherlands,NLD,73.393,73.653,73.324,73.337,73.704,73.569,73.513,73.804,73.613,73.54,73.586,73.81,73.727,74.144,74.537,74.499,74.647,75.221,75.145,75.606,75.743,75.934,75.989,76.164,76.233,76.285,76.27,76.705,76.89,76.734,76.878,77.0,77.217,76.917,77.375,77.405,77.436,77.794,77.883,77.837,77.988,78.19,78.293,78.493,79.095,79.346,79.698,80.098,80.251,80.549,80.702,81.205,81.105,81.305,81.707,81.51,81.51
Norway,NOR,73.55,73.55,73.448,73.078,73.596,73.723,73.995,74.067,73.942,73.663,74.088,74.179,74.345,74.442,74.754,74.818,75.04,75.387,75.419,75.414,75.672,75.869,76.011,76.067,76.224,75.917,76.241,76.082,76.22,76.5,76.537,76.981,77.184,77.152,77.69,77.737,78.15,78.143,78.329,78.283,78.634,78.785,78.988,79.39,79.841,80.041,80.344,80.395,80.593,80.795,80.998,81.295,81.451,81.751,82.1,82.305,82.51
Nepal,NPL,35.197,35.561,35.981,36.455,36.976,37.537,38.125,38.729,39.339,39.946,40.544,41.129,41.706,42.28,42.855,43.434,44.023,44.627,45.25,45.895,46.562,47.249,47.954,48.673,49.408,50.162,50.938,51.738,52.561,53.403,54.26,55.125,55.992,56.852,57.699,58.529,59.341,60.134,60.909,61.661,62.386,63.082,63.745,64.376,64.973,65.537,66.066,66.565,67.036,67.484,67.914,68.329,68.732,69.126,69.511,69.887,70.253
New Zealand,NZL,71.237,70.985,71.232,71.28,71.329,71.227,71.124,71.473,71.124,71.473,71.273,71.773,71.829,71.668,71.924,72.22,72.422,72.168,73.02,73.068,72.829,73.622,73.724,73.776,74.371,73.829,74.122,74.178,74.424,74.824,75.378,76.032,76.124,76.434,76.883,76.734,76.788,77.334,78.085,77.89,78.637,78.693,78.846,79.146,79.549,79.851,80.049,80.151,80.351,80.702,80.702,80.905,81.156,81.407,81.405,81.457,81.612
OECD members,OED,67.351,67.747,67.753,67.973,68.375,68.501,68.775,69.011,68.977,69.178,69.51,69.793,70.089,70.274,70.691,71.041,71.318,71.685,71.864,72.208,72.266,72.636,72.979,73.113,73.406,73.548,73.808,74.095,74.242,74.511,74.696,74.892,75.169,75.291,75.597,75.704,76.081,76.421,76.628,76.799,77.081,77.387,77.541,77.69,78.101,78.224,78.521,78.759,78.915,79.181,79.361,79.603,79.724,79.901,80.164,80.067,80.124
Oman,OMN,42.672,43.499,44.311,45.11,45.896,46.665,47.413,48.141,48.858,49.574,50.31,51.087,51.92,52.811,53.76,54.755,55.781,56.813,57.829,58.813,59.758,60.659,61.523,62.355,63.153,63.915,64.638,65.324,65.975,66.593,67.181,67.74,68.274,68.787,69.284,69.771,70.251,70.726,71.198,71.664,72.126,72.58,73.022,73.447,73.851,74.231,74.58,74.898,75.188,75.451,75.694,75.922,76.141,76.358,76.578,76.801,77.029
Other small states,OSS,51.448,51.9,52.342,52.745,53.148,53.523,53.854,54.19,54.52,54.846,55.185,55.514,55.851,56.157,56.46,56.798,57.18,57.578,58.036,58.514,59.043,59.509,59.967,60.394,60.757,61.108,61.494,61.828,62.097,62.28,62.403,62.522,62.488,62.313,62.046,61.888,61.741,61.43,61.081,60.855,60.727,60.643,60.704,60.895,61.253,61.733,62.28,62.92,63.609,64.313,64.949,65.526,66.078,66.547,66.966,67.357,67.687
Pakistan,PAK,45.265,46.195,47.085,47.936,48.747,49.52,50.255,50.954,51.617,52.245,52.837,53.389,53.901,54.376,54.815,55.224,55.606,55.966,56.311,56.645,56.972,57.295,57.613,57.926,58.237,58.545,58.852,59.157,59.458,59.756,60.05,60.338,60.621,60.898,61.169,61.436,61.7,61.961,62.22,62.476,62.727,62.967,63.196,63.414,63.625,63.836,64.06,64.303,64.565,64.845,65.134,65.419,65.686,65.927,66.139,66.322,66.481
Panama,PAN,60.862,61.379,61.878,62.359,62.822,63.272,63.714,64.156,64.603,65.059,65.529,66.015,66.514,67.019,67.527,68.028,68.513,68.977,69.413,69.819,70.194,70.539,70.86,71.165,71.455,71.734,72.002,72.261,72.51,72.752,72.987,73.218,73.443,73.663,73.879,74.09,74.298,74.501,74.7,74.895,75.084,75.267,75.443,75.614,75.782,75.947,76.114,76.285,76.46,76.641,76.828,77.021,77.216,77.413,77.61,77.806,78.001
Peru,PER,47.694,48.235,48.754,49.249,49.728,50.214,50.737,51.319,51.971,52.69,53.457,54.245,55.022,55.762,56.454,57.099,57.706,58.295,58.881,59.471,60.065,60.662,61.254,61.836,62.406,62.962,63.503,64.029,64.542,65.045,65.541,66.034,66.528,67.024,67.523,68.026,68.533,69.041,69.544,70.036,70.512,70.964,71.389,71.784,72.146,72.473,72.764,73.023,73.258,73.475,73.681,73.883,74.088,74.298,74.518,74.747,74.983
Philippines,PHL,57.867,58.173,58.476,58.775,59.072,59.368,59.668,59.97,60.27,60.563,60.832,61.063,61.245,61.381,61.475,61.544,61.605,61.681,61.792,61.946,62.155,62.421,62.732,63.073,63.434,63.798,64.149,64.475,64.77,65.029,65.256,65.461,65.657,65.856,66.059,66.265,66.471,66.668,66.851,67.019,67.17,67.308,67.434,67.555,67.67,67.783,67.892,68.0,68.105,68.211,68.32,68.433,68.553,68.68,68.813,68.951,69.094
Papua New Guinea,PNG,41.891,42.357,42.882,43.478,44.145,44.869,45.625,46.384,47.123,47.832,48.512,49.175,49.837,50.512,51.203,51.916,52.657,53.415,54.175,54.92,55.619,56.237,56.756,57.172,57.491,57.732,57.928,58.117,58.329,58.577,58.865,59.182,59.508,59.824,60.128,60.418,60.698,60.975,61.254,61.538,61.832,62.139,62.458,62.784,63.113,63.433,63.733,64.006,64.247,64.455,64.634,64.791,64.937,65.082,65.23,65.384,65.544
Poland,POL,67.68,67.778,67.427,68.376,68.629,69.429,69.827,69.424,70.22,69.72,69.868,69.612,70.666,70.663,71.117,70.561,70.656,70.402,70.351,70.751,70.098,71.051,71.102,71.0,70.8,70.549,70.849,70.898,71.332,71.044,70.89,70.588,71.09,71.595,71.695,71.893,72.246,72.646,72.998,73.044,73.749,74.2,74.498,74.598,74.846,74.995,75.144,75.244,75.544,75.695,76.246,76.695,76.746,77.0,77.602,77.451,77.451
Pre-demographic dividend,PRE,38.799,39.248,39.692,40.131,40.566,41.0,41.436,41.878,42.328,42.783,43.244,43.711,44.181,44.649,45.109,45.558,45.989,46.399,46.787,47.15,47.486,47.797,48.083,48.346,48.582,48.79,48.965,49.108,49.22,49.31,49.38,49.435,49.481,49.529,49.586,49.664,49.773,49.924,50.125,50.388,50.726,51.152,51.66,52.239,52.876,53.553,54.254,54.959,55.65,56.314,56.941,57.526,58.075,58.593,59.079,59.535,59.961
Puerto Rico,PRI,68.72,68.943,69.145,69.356,69.593,69.871,70.187,70.524,70.864,71.203,71.536,71.859,72.169,72.465,72.738,72.982,73.191,73.361,73.499,73.606,73.7,73.797,73.909,74.037,74.178,74.309,74.4,74.431,74.394,74.299,74.169,74.039,73.946,73.921,73.977,74.125,74.362,74.667,75.011,75.381,76.689,77.067,77.76,78.071,78.176,78.296,78.416,78.426,77.903,78.15,78.408,78.671,78.926,79.167,79.39,79.596,79.788
Portugal,PRT,62.809,63.252,63.694,64.132,64.564,64.989,65.406,65.817,66.222,66.622,67.073,66.771,68.324,67.524,68.02,68.31,68.861,70.012,70.317,71.168,71.215,71.615,72.415,72.266,72.515,72.815,73.266,73.666,73.715,74.266,73.966,74.015,74.312,74.512,74.915,75.312,75.261,75.412,75.712,75.963,76.315,76.815,77.066,77.22,77.671,78.071,78.42,78.322,78.524,78.727,79.027,80.471,80.373,80.722,81.122,81.124,81.127
Paraguay,PRY,63.879,64.101,64.307,64.488,64.644,64.779,64.903,65.03,65.169,65.322,65.486,65.656,65.821,65.975,66.116,66.243,66.36,66.47,66.578,66.686,66.793,66.898,67.0,67.1,67.199,67.304,67.417,67.544,67.687,67.844,68.014,68.191,68.37,68.548,68.727,68.911,69.108,69.322,69.556,69.808,70.07,70.335,70.593,70.838,71.067,71.281,71.485,71.686,71.887,72.089,72.285,72.47,72.638,72.786,72.913,73.023,73.12
Pacific island small states,PSS,53.565,54.035,54.504,54.968,55.427,55.88,56.326,56.767,57.199,57.623,58.038,58.443,58.839,59.227,59.607,59.98,60.346,60.702,61.046,61.372,61.672,61.934,62.156,62.339,62.49,62.621,62.751,63.141,63.075,63.295,63.611,63.865,64.193,64.527,64.859,65.248,65.497,65.807,66.115,66.45,66.718,67.017,67.308,67.595,67.877,68.165,68.431,68.706,68.978,69.249,69.514,69.773,70.02,70.256,70.48,70.692,70.895
Post-demographic dividend,PST,68.729,69.135,69.144,69.358,69.773,69.869,70.122,70.371,70.301,70.505,70.834,71.111,71.348,71.509,71.889,72.237,72.473,72.814,72.949,73.244,73.275,73.593,73.916,74.026,74.319,74.457,74.707,74.997,75.096,75.348,75.48,75.58,75.81,75.821,76.074,76.093,76.433,76.769,76.98,77.126,77.366,77.672,77.789,77.917,78.349,78.438,78.759,79.015,79.158,79.48,79.689,79.958,80.09,80.275,80.536,80.408,80.457
French Polynesia,PYF,56.282,56.708,57.093,57.465,57.845,58.242,58.654,59.061,59.452,59.828,60.184,60.518,60.836,61.147,61.465,61.816,62.23,62.717,63.278,63.902,64.562,65.22,65.84,66.394,66.871,67.267,67.594,67.879,68.149,68.418,68.7,69.005,69.332,69.68,70.047,70.43,70.821,71.209,71.587,71.955,72.313,72.669,73.029,73.396,73.766,74.132,74.486,74.818,75.123,75.397,75.643,75.862,76.065,76.257,76.444,76.628,76.813
Qatar,QAT,61.094,61.848,62.603,63.356,64.105,64.848,65.582,66.302,67.002,67.675,68.313,68.91,69.465,69.976,70.446,70.877,71.274,71.644,71.995,72.329,72.649,72.956,73.247,73.52,73.777,74.017,74.241,74.448,74.64,74.818,74.984,75.138,75.283,75.42,75.551,75.678,75.802,75.924,76.045,76.164,76.279,76.387,76.488,76.581,76.668,76.754,76.843,76.94,77.049,77.169,77.301,77.443,77.59,77.739,77.888,78.036,78.184
Romania,ROU,65.642,66.416,67.029,67.441,67.65,67.698,67.659,67.627,67.671,67.815,68.056,68.504,68.47,69.006,69.5,69.614,69.699,69.742,69.48,69.153,69.091,69.368,69.532,69.726,69.659,69.707,69.496,69.227,69.388,69.531,69.741,69.784,69.784,69.563,69.51,69.456,69.105,69.005,69.807,70.512,71.163,71.161,71.01,71.31,71.594,71.879,72.163,72.566,72.566,73.31,73.459,74.41,74.412,75.063,74.961,75.012,75.012
Russian Federation,RUS,66.055,66.597,67.021,67.34,67.567,67.719,67.813,67.86,67.874,67.867,68.134,68.377,68.309,68.295,68.32,67.724,67.488,67.376,67.391,67.114,67.034,67.264,67.806,67.653,67.203,67.857,69.39,69.44,69.464,69.172,68.886,68.474,66.873,64.936,64.467,64.691,65.854,66.699,67.03,65.982,65.484,65.383,65.129,65.048,65.471,65.53,66.728,67.587,67.949,68.685,68.841,69.684,70.072,70.579,70.744,71.168,71.593
Rwanda,RWA,42.292,42.592,42.883,43.16,43.418,43.65,43.847,44.009,44.141,44.249,44.338,44.412,44.485,44.577,44.709,44.932,45.3,45.824,46.485,47.241,48.085,49.013,49.934,50.708,51.177,50.948,49.579,46.969,43.264,38.782,34.217,30.434,28.102,27.61,29.003,31.977,35.923,40.013,43.596,46.412,48.415,49.793,50.97,52.268,53.755,55.43,57.219,58.971,60.565,61.962,63.14,64.106,64.911,65.598,66.188,66.696,67.129
South Asia,SAS,41.954,42.594,43.237,43.883,44.532,45.175,45.803,46.41,46.993,47.556,48.11,48.672,49.255,49.865,50.496,51.139,51.778,52.396,52.979,53.521,54.019,54.472,54.89,55.287,55.67,56.05,56.441,56.847,57.274,57.722,58.191,58.679,59.174,59.669,60.16,60.643,61.113,61.57,62.016,62.448,62.865,63.272,63.669,64.061,64.451,64.842,65.237,65.636,66.037,66.437,66.827,67.201,67.554,67.881,68.181,68.457,68.711
Saudi Arabia,SAU,45.638,46.145,46.665,47.207,47.781,48.407,49.105,49.883,50.744,51.682,52.693,53.765,54.876,56.001,57.12,58.216,59.274,60.291,61.263,62.181,63.041,63.84,64.586,65.285,65.938,66.548,67.115,67.64,68.129,68.586,69.017,69.428,69.822,70.201,70.567,70.922,71.266,71.594,71.902,72.187,72.44,72.651,72.82,72.948,73.041,73.112,73.176,73.245,73.331,73.44,73.574,73.73,73.896,74.066,74.234,74.4,74.561
Sudan,SDN,48.194,48.618,49.035,49.446,49.852,50.257,50.663,51.069,51.469,51.86,52.234,52.583,52.901,53.184,53.43,53.638,53.807,53.946,54.061,54.161,54.253,54.342,54.435,54.534,54.645,54.768,54.901,55.039,55.182,55.334,55.5,55.688,55.902,56.145,56.417,56.716,57.036,57.372,57.718,58.07,58.43,58.801,59.184,59.582,59.993,60.416,60.854,61.3,61.749,62.193,62.62,63.019,63.384,63.712,64.002,64.257,64.486
Senegal,SEN,38.223,38.38,38.462,38.477,38.449,38.407,38.386,38.424,38.558,38.816,39.227,39.814,40.562,41.445,42.442,43.521,44.641,45.767,46.869,47.927,48.944,49.94,50.938,51.945,52.946,53.914,54.813,55.61,56.283,56.818,57.202,57.43,57.529,57.535,57.48,57.405,57.344,57.328,57.383,57.533,57.796,58.18,58.665,59.23,59.859,60.541,61.263,62.008,62.755,63.485,64.177,64.814,65.393,65.914,66.376,66.784,67.146
Singapore,SGP,65.66,66.087,66.432,66.701,66.91,67.086,67.256,67.446,67.674,67.951,68.279,68.65,69.043,69.44,69.835,70.22,70.594,70.961,71.323,71.683,72.19,72.588,72.688,73.037,73.29,73.89,74.246,74.549,74.698,74.946,75.295,75.646,75.946,76.046,76.198,76.295,76.595,76.898,77.3,77.551,77.951,78.251,78.551,79.039,79.49,79.99,80.141,80.441,80.79,81.241,81.541,81.744,81.995,82.246,82.495,82.744,82.795
Solomon Islands,SLB,49.174,49.679,50.183,50.688,51.194,51.701,52.208,52.717,53.227,53.737,54.252,54.78,55.319,55.862,56.398,56.919,57.417,57.876,58.276,58.594,58.778,58.774,58.574,58.203,57.705,57.162,56.677,56.337,56.204,56.306,56.638,57.162,57.796,58.471,59.153,59.822,60.475,61.127,61.788,62.449,63.103,63.744,64.368,64.971,65.549,66.104,66.635,67.147,67.641,68.118,68.572,69.001,69.4,69.771,70.113,70.43,70.726
Sierra Leone,SLE,30.371,30.579,30.789,31.012,31.263,31.572,31.973,32.481,33.098,33.812,34.601,35.435,36.272,37.073,37.809,38.468,39.046,39.555,39.998,40.365,40.641,40.808,40.861,40.796,40.616,40.312,39.873,39.318,38.683,38.01,37.348,36.746,36.246,35.888,35.705,35.729,35.98,36.432,37.055,37.822,38.702,39.66,40.66,41.669,42.66,43.624,44.566,45.5,46.432,47.348,48.224,49.034,49.762,50.401,50.951,51.423,51.835
El Salvador,SLV,49.969,50.637,51.264,51.847,52.385,52.883,53.349,53.792,54.215,54.617,54.987,55.31,55.576,55.783,55.937,56.04,56.097,56.129,56.164,56.233,56.378,56.642,57.042,57.585,58.267,59.082,60.011,61.01,62.032,63.039,63.99,64.85,65.609,66.267,66.818,67.27,67.64,67.958,68.253,68.541,68.834,69.135,69.44,69.743,70.048,70.357,70.668,70.98,71.291,71.599,71.902,72.195,72.479,72.753,73.015,73.267,73.512
Somalia,SOM,36.977,37.375,37.774,38.176,38.579,38.982,39.384,39.784,40.179,40.571,40.958,41.344,41.728,42.112,42.495,42.877,43.259,43.639,44.012,44.374,44.724,45.065,45.391,45.693,45.957,46.142,46.196,46.111,45.908,45.631,45.375,45.258,45.359,45.72,46.335,47.148,48.065,48.963,49.751,50.389,50.867,51.211,51.49,51.761,52.042,52.344,52.666,52.996,53.323,53.652,53.986,54.332,54.694,55.072,55.467,55.876,56.293
Sub-Saharan Africa (excluding high income),SSA,40.377,40.817,41.247,41.667,42.076,42.478,42.876,43.275,43.679,44.088,44.503,44.922,45.34,45.753,46.156,46.544,46.915,47.269,47.607,47.927,48.231,48.52,48.794,49.051,49.287,49.492,49.656,49.772,49.841,49.871,49.875,49.87,49.869,49.878,49.897,49.924,49.966,50.034,50.141,50.302,50.537,50.864,51.289,51.811,52.422,53.109,53.858,54.64,55.428,56.203,56.942,57.635,58.282,58.883,59.435,59.938,60.394
Sub-Saharan Africa,SSF,40.377,40.817,41.247,41.667,42.076,42.478,42.876,43.275,43.679,44.088,44.503,44.922,45.34,45.753,46.156,46.544,46.915,47.269,47.607,47.927,48.235,48.524,48.797,49.054,49.29,49.495,49.659,49.775,49.843,49.873,49.877,49.873,49.872,49.881,49.899,49.927,49.969,50.037,50.144,50.305,50.54,50.866,51.291,51.813,52.424,53.112,53.86,54.642,55.43,56.204,56.944,57.637,58.284,58.885,59.437,59.939,60.395
Small states,SST,54.749,55.217,55.664,56.074,56.468,56.828,57.147,57.458,57.758,58.052,58.354,58.649,58.951,59.235,59.517,59.824,60.159,60.504,60.885,61.275,61.684,62.051,62.439,62.728,62.998,63.251,63.521,63.796,63.941,64.075,64.175,64.272,64.301,64.167,64.0,63.914,63.826,63.667,63.399,63.268,63.202,63.164,63.285,63.416,63.713,64.103,64.536,65.041,65.584,66.14,66.647,67.11,67.552,67.934,68.276,68.596,68.869
Suriname,SUR,59.66,60.026,60.386,60.749,61.117,61.491,61.867,62.239,62.599,62.943,63.268,63.568,63.844,64.1,64.339,64.57,64.806,65.054,65.315,65.587,65.863,66.128,66.371,66.582,66.758,66.902,67.019,67.12,67.214,67.305,67.393,67.478,67.554,67.62,67.677,67.722,67.751,67.768,67.781,67.798,67.838,67.918,68.051,68.239,68.48,68.768,69.089,69.422,69.749,70.057,70.335,70.578,70.79,70.976,71.138,71.279,71.405
Slovak Republic,SVK,69.924,70.251,70.472,70.595,70.633,70.603,70.525,70.419,70.307,70.206,70.134,70.099,70.099,70.125,70.176,70.245,70.322,70.399,70.465,70.52,70.409,70.629,70.689,70.479,70.751,70.735,71.021,71.089,71.208,71.026,70.933,70.883,71.795,72.449,72.3,72.254,72.654,72.705,72.551,72.902,73.051,73.402,73.605,73.605,73.959,73.905,74.205,74.207,74.705,74.91,75.112,75.959,76.11,76.412,76.812,76.563,76.563
Slovenia,SVN,68.978,68.978,68.978,68.622,68.663,68.366,69.012,69.366,68.917,68.361,68.61,68.834,69.059,69.405,70.161,70.359,70.307,70.556,70.702,70.854,71.105,71.205,71.054,70.541,70.902,71.351,71.802,72.002,72.446,72.705,73.205,73.354,73.305,73.254,73.405,73.959,74.459,74.707,74.807,75.01,75.412,75.759,76.007,76.859,77.207,77.612,78.087,78.561,78.766,78.971,79.422,79.971,80.124,80.322,81.078,80.776,80.776
Sweden,SWE,73.006,73.474,73.35,73.555,73.733,73.862,74.079,74.122,73.973,74.085,74.649,74.624,74.718,74.867,74.98,74.985,74.969,75.38,75.469,75.524,75.741,76.026,76.327,76.552,76.816,76.668,76.931,77.092,76.979,77.727,77.537,77.667,77.999,78.06,78.65,78.74,78.959,79.198,79.339,79.441,79.644,79.795,79.846,80.095,80.498,80.546,80.749,80.9,81.1,81.351,81.451,81.802,81.705,81.956,82.254,82.205,82.205
Swaziland,SWZ,44.285,44.584,44.871,45.155,45.446,45.762,46.118,46.522,46.979,47.487,48.041,48.628,49.232,49.84,50.448,51.057,51.674,52.307,52.963,53.64,54.348,55.098,55.881,56.677,57.46,58.208,58.9,59.505,59.983,60.292,60.369,60.155,59.639,58.836,57.771,56.464,54.942,53.285,51.594,49.968,48.521,47.352,46.508,46.018,45.905,46.185,46.846,47.805,48.969,50.26,51.598,52.912,54.158,55.296,56.287,57.107,57.754
Seychelles,SYC,0.0,0.0,0.0,0.0,0.0,0.0,0.0,0.0,0.0,0.0,0.0,0.0,0.0,0.0,0.0,0.0,0.0,0.0,0.0,0.0,69.598,70.188,69.324,70.383,69.554,69.698,68.656,68.237,68.702,67.971,68.107,70.712,71.215,69.468,70.729,72.483,71.561,71.212,71.746,72.668,72.778,73.254,71.088,71.029,72.661,72.132,72.217,73.144,73.163,73.083,73.198,72.724,74.276,73.12,73.229,74.295,74.31
Syrian Arab Republic,SYR,51.971,52.568,53.176,53.797,54.435,55.096,55.788,56.51,57.26,58.03,58.814,59.6,60.378,61.137,61.872,62.579,63.258,63.914,64.552,65.172,65.774,66.359,66.928,67.477,68.005,68.508,68.981,69.423,69.831,70.207,70.553,70.871,71.167,71.444,71.708,71.961,72.205,72.439,72.664,72.882,73.11,73.371,73.663,73.967,74.25,74.43,74.412,74.152,73.648,72.939,72.108,71.27,70.549,70.046,69.817,69.904,70.31
Chad,TCD,38.019,38.279,38.536,38.795,39.061,39.346,39.666,40.028,40.432,40.872,41.332,41.792,42.233,42.638,43.003,43.327,43.619,43.892,44.161,44.43,44.704,44.986,45.269,45.55,45.824,46.082,46.315,46.52,46.692,46.835,46.952,47.053,47.148,47.243,47.339,47.431,47.505,47.556,47.582,47.59,47.593,47.603,47.638,47.716,47.848,48.054,48.349,48.729,49.182,49.691,50.233,50.778,51.3,51.778,52.204,52.575,52.903
East Asia & Pacific (IDA & IBRD countries),TEA,45.652,46.1,46.825,47.863,49.22,50.816,52.536,54.243,55.817,57.202,58.373,59.346,60.191,60.968,61.698,62.389,63.049,63.668,64.242,64.768,65.246,65.675,66.064,66.414,66.73,67.017,67.275,67.507,67.716,67.909,68.092,68.271,68.45,68.637,68.839,69.067,69.329,69.624,69.949,70.297,70.662,71.034,71.399,71.749,72.076,72.376,72.647,72.894,73.123,73.336,73.532,73.715,73.889,74.053,74.214,74.371,74.528
Europe & Central Asia (IDA & IBRD countries),TEC,63.834,64.309,64.629,65.049,65.343,65.623,65.813,65.882,66.089,66.119,66.351,66.509,66.649,66.748,66.885,66.679,66.676,66.66,66.711,66.694,66.741,67.022,67.327,67.422,67.398,67.748,68.46,68.617,68.722,68.656,68.533,68.279,67.743,67.021,66.812,66.88,67.358,67.933,68.273,68.15,68.251,68.46,68.508,68.635,68.958,69.09,69.669,70.134,70.426,70.981,71.303,71.854,72.152,72.53,72.765,72.992,73.249
Togo,TGO,40.297,40.941,41.58,42.215,42.846,43.473,44.098,44.72,45.339,45.955,46.568,47.175,47.777,48.371,48.958,49.537,50.112,50.683,51.246,51.799,52.339,52.863,53.365,53.839,54.276,54.673,55.028,55.337,55.592,55.784,55.888,55.873,55.734,55.485,55.146,54.756,54.359,54.0,53.72,53.544,53.489,53.551,53.707,53.935,54.23,54.598,55.048,55.578,56.174,56.814,57.465,58.092,58.668,59.174,59.601,59.949,60.232
Thailand,THA,54.703,55.235,55.747,56.233,56.694,57.136,57.567,58.0,58.444,58.905,59.387,59.888,60.405,60.93,61.46,61.986,62.496,62.987,63.464,63.936,64.433,64.993,65.635,66.353,67.128,67.911,68.642,69.266,69.747,70.073,70.25,70.303,70.283,70.241,70.204,70.192,70.214,70.266,70.346,70.462,70.624,70.841,71.11,71.424,71.775,72.149,72.534,72.915,73.279,73.617,73.923,74.197,74.446,74.678,74.895,75.103,75.303
Tajikistan,TJK,56.152,56.572,56.995,57.419,57.843,58.261,58.667,59.059,59.432,59.784,60.114,60.422,60.711,60.986,61.247,61.499,61.743,61.982,62.216,62.445,62.679,62.926,63.184,63.442,63.684,63.869,63.946,63.896,63.724,63.455,63.149,62.88,62.719,62.71,62.869,63.185,63.618,64.105,64.591,65.053,65.485,65.894,66.303,66.727,67.163,67.607,68.052,68.487,68.902,69.29,69.644,69.958,70.234,70.477,70.69,70.879,71.051
Turkmenistan,TKM,54.471,54.897,55.326,55.757,56.186,56.609,57.021,57.417,57.794,58.147,58.472,58.765,59.028,59.267,59.488,59.703,59.925,60.163,60.422,60.701,60.999,61.311,61.622,61.92,62.193,62.426,62.605,62.727,62.797,62.82,62.811,62.784,62.761,62.757,62.785,62.85,62.952,63.083,63.237,63.412,63.613,63.842,64.101,64.386,64.693,65.017,65.354,65.695,66.031,66.355,66.657,66.928,67.167,67.375,67.552,67.704,67.835
Latin America & the Caribbean (IDA & IBRD countries),TLA,55.635,56.119,56.584,57.03,57.459,57.878,58.293,58.708,59.128,59.554,59.982,60.41,60.831,61.241,61.639,62.026,62.408,62.786,63.167,63.549,63.933,64.316,64.696,65.067,65.434,65.794,66.148,66.499,66.849,67.2,67.558,67.926,68.307,68.696,69.093,69.495,69.895,70.288,70.667,71.031,71.376,71.699,72.005,72.295,72.573,72.84,73.1,73.355,73.606,73.855,74.1,74.341,74.575,74.801,75.02,75.231,75.437
Middle East & North Africa (IDA & IBRD countries),TMN,46.632,47.221,47.808,48.394,48.983,49.571,50.15,50.714,51.265,51.808,52.36,52.944,53.571,54.237,54.932,55.617,56.245,56.786,57.232,57.596,57.925,58.284,58.733,59.31,60.021,60.85,61.758,62.682,63.566,64.382,65.107,65.736,66.288,66.783,67.229,67.633,68.002,68.342,68.659,68.96,69.25,69.532,69.806,70.073,70.336,70.594,70.847,71.089,71.32,71.538,71.747,71.952,72.157,72.365,72.572,72.779,72.986
Tonga,TON,61.401,61.767,62.13,62.488,62.84,63.188,63.533,63.876,64.215,64.55,64.876,65.189,65.486,65.766,66.03,66.28,66.521,66.757,66.994,67.232,67.476,67.725,67.978,68.23,68.478,68.716,68.936,69.136,69.313,69.468,69.603,69.722,69.832,69.94,70.05,70.164,70.285,70.411,70.541,70.674,70.811,70.949,71.089,71.229,71.367,71.504,71.639,71.773,71.906,72.039,72.173,72.308,72.446,72.588,72.732,72.88,73.029
South Asia (IDA & IBRD),TSA,41.954,42.594,43.237,43.883,44.532,45.175,45.803,46.41,46.993,47.556,48.11,48.672,49.255,49.865,50.496,51.139,51.778,52.396,52.979,53.521,54.019,54.472,54.89,55.287,55.67,56.05,56.441,56.847,57.274,57.722,58.191,58.679,59.174,59.669,60.16,60.643,61.113,61.57,62.016,62.448,62.865,63.272,63.669,64.061,64.451,64.842,65.237,65.636,66.037,66.437,66.827,67.201,67.554,67.881,68.181,68.457,68.711
Sub-Saharan Africa (IDA & IBRD countries),TSS,40.377,40.817,41.247,41.667,42.076,42.478,42.876,43.275,43.679,44.088,44.503,44.922,45.34,45.753,46.156,46.544,46.915,47.269,47.607,47.927,48.235,48.524,48.797,49.054,49.29,49.495,49.659,49.775,49.843,49.873,49.877,49.873,49.872,49.881,49.899,49.927,49.969,50.037,50.144,50.305,50.54,50.866,51.291,51.813,52.424,53.112,53.86,54.642,55.43,56.204,56.944,57.637,58.284,58.885,59.437,59.939,60.395
Trinidad and Tobago,TTO,62.625,63.217,63.723,64.125,64.422,64.621,64.742,64.822,64.892,64.973,65.081,65.228,65.407,65.61,65.833,66.067,66.3,66.519,66.714,66.882,67.022,67.138,67.239,67.335,67.428,67.523,67.62,67.719,67.817,67.914,68.007,68.094,68.171,68.238,68.296,68.344,68.384,68.419,68.452,68.489,68.532,68.584,68.648,68.724,68.816,68.927,69.06,69.214,69.384,69.567,69.756,69.942,70.118,70.28,70.426,70.556,70.673
Tunisia,TUN,42.021,42.656,43.351,44.109,44.931,45.82,46.78,47.804,48.881,50.0,51.145,52.3,53.452,54.591,55.705,56.795,57.867,58.929,59.98,61.01,62.0,62.925,63.771,64.532,65.214,65.834,66.417,66.991,67.576,68.176,68.788,69.401,69.99,70.54,71.043,71.496,71.898,72.259,72.586,72.883,73.155,73.402,73.629,73.836,74.026,74.2,74.352,74.483,74.595,74.695,74.793,74.9,75.023,75.167,75.335,75.525,75.731
Turkey,TUR,45.369,46.093,46.83,47.573,48.312,49.035,49.733,50.406,51.053,51.678,52.286,52.887,53.492,54.109,54.741,55.387,56.046,56.709,57.37,58.023,58.667,59.297,59.915,60.52,61.111,61.682,62.231,62.758,63.266,63.763,64.256,64.757,65.275,65.815,66.377,66.963,67.57,68.189,68.807,69.417,70.008,70.571,71.102,71.6,72.06,72.481,72.866,73.219,73.549,73.859,74.154,74.437,74.711,74.977,75.239,75.498,75.755
Tanzania,TZA,43.686,43.94,44.195,44.456,44.731,45.022,45.33,45.654,45.993,46.345,46.718,47.119,47.546,47.992,48.447,48.891,49.306,49.675,49.987,50.237,50.429,50.576,50.692,50.788,50.863,50.904,50.888,50.803,50.651,50.447,50.206,49.953,49.719,49.54,49.444,49.46,49.609,49.889,50.297,50.831,51.493,52.281,53.173,54.142,55.161,56.196,57.218,58.209,59.156,60.048,60.893,61.713,62.528,63.348,64.163,64.95,65.675
Uganda,UGA,43.991,44.568,45.156,45.748,46.332,46.891,47.407,47.865,48.258,48.578,48.827,49.01,49.142,49.236,49.301,49.347,49.384,49.412,49.426,49.419,49.374,49.272,49.096,48.842,48.512,48.104,47.625,47.097,46.549,46.012,45.509,45.058,44.676,44.388,44.223,44.22,44.415,44.811,45.397,46.16,47.077,48.12,49.242,50.394,51.538,52.64,53.681,54.66,55.574,56.409,57.153,57.796,58.347,58.819,59.224,59.575,59.889
Ukraine,UKR,68.3,68.764,69.146,69.458,69.708,69.906,70.057,70.161,70.223,70.248,70.235,70.183,70.091,69.963,69.809,69.635,69.446,69.253,69.071,68.915,68.818,68.811,68.901,69.077,69.317,69.575,69.791,70.495,70.498,70.539,70.137,68.878,69.068,68.476,67.839,67.137,66.888,67.295,67.989,68.213,67.86,68.287,68.276,68.211,68.185,67.957,68.078,68.222,68.251,69.19,70.265,70.809,70.944,71.16,71.187,71.19,71.476
Upper middle income,UMC,49.835,50.354,51.006,51.849,52.921,54.165,55.491,56.821,58.075,59.189,60.188,61.034,61.751,62.425,63.05,63.573,64.082,64.546,64.972,65.33,65.689,66.038,66.39,66.683,66.945,67.284,67.685,67.947,68.195,68.402,68.598,68.779,68.852,68.908,69.083,69.325,69.652,69.995,70.322,70.584,70.898,71.232,71.544,71.861,72.196,72.483,72.83,73.142,73.413,73.709,73.947,74.231,74.474,74.717,74.925,75.135,75.338
Uruguay,URY,67.782,68.006,68.197,68.347,68.454,68.521,68.554,68.568,68.576,68.589,68.617,68.664,68.732,68.823,68.939,69.087,69.269,69.482,69.721,69.981,70.255,70.535,70.814,71.085,71.343,71.584,71.805,72.009,72.203,72.388,72.571,72.758,72.954,73.161,73.381,73.613,73.854,74.098,74.341,74.577,74.805,75.022,75.229,75.427,75.614,75.792,75.961,76.124,76.282,76.436,76.588,76.739,76.89,77.04,77.19,77.341,77.493
United States,USA,69.771,70.271,70.12,69.917,70.166,70.215,70.212,70.561,69.951,70.507,70.807,71.107,71.156,71.356,71.956,72.605,72.856,73.256,73.356,73.805,73.61,74.01,74.361,74.463,74.563,74.563,74.615,74.766,74.766,75.017,75.215,75.366,75.617,75.42,75.62,75.622,76.027,76.429,76.58,76.583,76.637,76.837,76.937,77.037,77.488,77.488,77.688,77.988,78.039,78.39,78.541,78.641,78.741,78.741,78.841,78.69,78.69
Uzbekistan,UZB,58.835,59.21,59.588,59.968,60.347,60.721,61.087,61.441,61.778,62.097,62.391,62.659,62.902,63.125,63.331,63.53,63.728,63.934,64.152,64.384,64.637,64.913,65.206,65.504,65.795,66.058,66.269,66.415,66.495,66.512,66.481,66.424,66.368,66.336,66.343,66.396,66.494,66.626,66.782,66.959,67.154,67.366,67.594,67.837,68.094,68.367,68.663,68.982,69.319,69.665,70.005,70.322,70.604,70.844,71.039,71.192,71.314
St. Vincent and the Grenadines,VCT,58.03,59.134,60.176,61.124,61.96,62.677,63.286,63.815,64.289,64.718,65.1,65.431,65.707,65.933,66.122,66.297,66.481,66.69,66.935,67.219,67.537,67.874,68.21,68.528,68.819,69.083,69.322,69.545,69.758,69.958,70.14,70.298,70.425,70.52,70.585,70.62,70.628,70.618,70.6,70.587,70.593,70.635,70.719,70.846,71.014,71.218,71.446,71.683,71.914,72.13,72.327,72.501,72.657,72.802,72.935,73.06,73.179
"Venezuela, RB",VEN,59.253,59.829,60.395,60.948,61.488,62.017,62.539,63.056,63.57,64.076,64.569,65.041,65.485,65.899,66.279,66.63,66.956,67.265,67.56,67.844,68.114,68.365,68.593,68.795,68.975,69.133,69.274,69.403,69.529,69.659,69.804,69.971,70.165,70.384,70.628,70.893,71.176,71.465,71.752,72.027,72.281,72.507,72.704,72.872,73.015,73.134,73.235,73.327,73.419,73.516,73.625,73.748,73.885,74.035,74.196,74.367,74.545
Vietnam,VNM,59.041,59.722,60.391,61.024,61.585,61.968,62.042,61.773,61.192,60.391,59.571,58.989,58.835,59.214,60.123,61.458,63.021,64.559,65.871,66.877,67.553,67.953,68.214,68.45,68.699,68.982,69.3,69.626,69.94,70.242,70.536,70.826,71.113,71.399,71.685,71.968,72.248,72.519,72.781,73.03,73.265,73.487,73.695,73.893,74.082,74.263,74.438,74.609,74.777,74.946,75.117,75.294,75.476,75.663,75.855,76.052,76.253
Vanuatu,VUT,46.441,47.044,47.648,48.251,48.853,49.452,50.047,50.635,51.217,51.795,52.369,52.943,53.52,54.101,54.688,55.283,55.89,56.506,57.125,57.743,58.348,58.929,59.477,59.989,60.467,60.916,61.346,61.768,62.194,62.628,63.072,63.527,63.986,64.444,64.897,65.345,65.784,66.214,66.634,67.043,67.438,67.82,68.189,68.545,68.889,69.221,69.541,69.852,70.152,70.442,70.721,70.988,71.241,71.481,71.709,71.925,72.133
World,WLD,52.572,53.077,53.502,54.036,54.715,55.385,56.125,56.84,57.446,58.06,58.653,59.18,59.665,60.112,60.605,61.046,61.463,61.88,62.233,62.588,62.867,63.2,63.517,63.758,64.016,64.267,64.564,64.816,65.022,65.241,65.435,65.624,65.789,65.915,66.125,66.323,66.613,66.912,67.172,67.406,67.685,67.984,68.25,68.524,68.863,69.136,69.475,69.794,70.083,70.406,70.683,70.972,71.215,71.46,71.694,71.857,72.035
Samoa,WSM,49.748,50.249,50.75,51.252,51.756,52.261,52.766,53.271,53.774,54.276,54.777,55.278,55.778,56.278,56.779,57.281,57.784,58.288,58.792,59.295,59.797,60.296,60.791,61.283,61.772,62.265,62.764,63.273,63.792,64.319,64.851,65.384,65.91,66.424,66.919,67.389,67.827,68.234,68.612,68.967,69.305,69.637,69.97,70.314,70.673,71.051,71.451,71.866,72.288,72.71,73.122,73.513,73.875,74.206,74.504,74.77,75.013
"Yemen, Rep.",YEM,34.361,34.471,34.739,35.187,35.815,36.597,37.488,38.427,39.366,40.28,41.161,42.017,42.878,43.763,44.676,45.62,46.597,47.599,48.614,49.63,50.636,51.621,52.577,53.489,54.346,55.133,55.837,56.46,57.004,57.475,57.877,58.22,58.519,58.787,59.036,59.275,59.504,59.724,59.939,60.155,60.382,60.631,60.903,61.2,61.52,61.857,62.205,62.552,62.888,63.208,63.508,63.786,64.046,64.291,64.523,64.743,64.953
South Africa,ZAF,52.215,52.559,52.894,53.229,53.571,53.926,54.301,54.691,55.085,55.478,55.852,56.192,56.485,56.728,56.924,57.075,57.191,57.291,57.397,57.526,57.704,57.957,58.287,58.69,59.154,59.668,60.219,60.773,61.291,61.734,62.062,62.239,62.251,62.092,61.756,61.226,60.49,59.58,58.548,57.45,56.341,55.273,54.299,53.481,52.878,52.567,52.614,53.01,53.72,54.701,55.888,57.201,58.545,59.83,60.993,61.981,62.774
Zambia,ZMB,45.124,45.502,45.869,46.225,46.574,46.929,47.302,47.701,48.127,48.575,49.039,49.51,49.971,50.401,50.78,51.089,51.317,51.456,51.501,51.442,51.265,50.957,50.525,49.986,49.359,48.661,47.913,47.142,46.379,45.658,45.003,44.431,43.948,43.564,43.297,43.166,43.183,43.346,43.653,44.104,44.702,45.448,46.33,47.33,48.432,49.63,50.929,52.313,53.749,55.194,56.588,57.872,59.011,59.982,60.775,61.397,61.874
Zimbabwe,ZWE,51.565,51.938,52.3,52.651,52.993,53.325,53.648,53.965,54.28,54.597,54.92,55.25,55.592,55.948,56.324,56.733,57.194,57.708,58.259,58.828,59.39,59.921,60.386,60.746,60.965,60.999,60.816,60.411,59.794,58.971,57.944,56.72,55.337,53.854,52.329,50.811,49.34,47.955,46.705,45.647,44.841,44.326,44.109,44.188,44.571,45.282,46.344,47.719,49.337,51.122,52.975,54.8,56.516,58.053,59.36,60.398,61.163
